ts,server_cpu_pct,server_mem_mib,server_fds,postgres_mem_mib,postgres_connections,broker_mem_mib,broker_disk_mib,outbox_rows,ledger_rows,usage_rows,gc_last_pause_ms,gc_lines
2026-09-02T14:26:18Z,102.45,143.4,155,58.48,11,49.71,1,21,42,0,29
2026-09-02T14:27:25Z,7.41,156.8,167,59.56,11,50.88,1,23,46,0,32
2026-09-02T14:28:32Z,3.29,160.5,167,59.7,11,51.41,1,25,50,0,35
2026-09-02T14:29:38Z,3.25,161.7,166,61.91,11,52.91,1,27,54,0,38
2026-09-02T14:30:45Z,3.48,164.5,165,60.8,11,53.47,1,30,60,0,41
2026-09-02T14:31:52Z,2.64,166.4,167,60.95,11,58.32,1,53,85,0,45
2026-09-02T14:32:58Z,1.83,167.5,167,61.06,11,58.77,1,57,91,0,48
2026-09-02T14:34:05Z,2.93,168.2,166,61.07,11,59,1,61,97,0,51
2026-09-02T14:35:12Z,5.24,169,165,61.12,11,61.64,1,66,104,0,54
2026-09-02T14:36:18Z,5.74,169.3,165,61.16,11,61.64,1,71,112,0,57
2026-09-02T14:37:25Z,3.21,170,167,61.27,11,61.68,1,75,118,0,60
2026-09-02T14:38:32Z,2.34,170.2,167,61.29,11,61.71,1,79,124,0,63
2026-09-02T14:39:38Z,1.72,170.5,166,61.33,11,61.75,1,84,131,0,67
2026-09-02T14:40:45Z,1.84,171.8,165,61.36,11,61.75,1,89,139,0,70
2026-09-02T14:41:52Z,1.93,182.8,167,61.43,11,61.77,1,91,141,0,72
2026-09-02T14:42:58Z,7.27,183.1,167,61.45,11,61.86,1,93,143,0,74
2026-09-02T14:44:05Z,1.39,183.4,165,61.46,11,61.91,1,95,145,0,76
2026-09-02T14:45:12Z,2.10,183.5,166,61.46,11,61.95,1,98,148,0,77
2026-09-02T14:46:18Z,1.30,183.7,165,61.46,11,62.03,1,100,150,0,79
2026-09-02T14:47:25Z,1.16,183.9,167,61.46,11,62.05,1,100,150,0,81
2026-09-02T14:48:32Z,2.51,183.9,166,61.46,11,80.5,1,100,150,0,83
2026-09-02T14:49:38Z,2.40,186.4,165,59.86,11,62.06,1,100,150,0,84
2026-09-02T14:50:45Z,4.36,184.4,166,59.86,11,62.09,1,100,150,0,86
2026-09-02T14:51:51Z,1.47,184.5,166,59.86,11,62.1,1,100,150,0,88
2026-09-02T14:52:58Z,2.92,184.8,167,56.62,11,62.1,1,100,150,0,90
2026-09-02T14:54:05Z,1.42,185.3,165,56.64,11,62.11,1,100,150,0,92
2026-09-02T14:55:11Z,1.35,185.5,166,56.63,11,62.12,1,100,150,0,93
2026-09-02T14:56:18Z,2.23,185.7,165,56.64,11,62.18,1,100,150,0,95
2026-09-02T14:57:25Z,1.17,185.9,167,56.65,11,62.21,1,100,150,0,97
2026-09-02T14:58:31Z,3.75,186,167,56.66,11,62.25,1,100,150,0,99
2026-09-02T14:59:38Z,3.36,186.1,166,56.66,11,62.3,1,100,150,0,100
2026-09-02T15:00:44Z,1.20,186.1,166,56.66,11,62.61,1,100,150,0,102
2026-09-02T15:01:51Z,1.44,189.9,167,56.66,11,62.62,1,100,150,0,104
2026-09-02T15:02:58Z,1.95,190,166,58.23,11,62.62,1,100,150,0,105
2026-09-02T15:04:04Z,1.60,198.6,165,56.66,11,62.62,1,100,150,0,107
2026-09-02T15:05:11Z,1.42,198.8,166,56.66,11,62.62,1,100,150,0,109
2026-09-02T15:06:18Z,5.86,198.9,166,56.66,11,62.66,1,100,150,0,110
2026-09-02T15:07:24Z,1.98,199,166,56.66,11,64.56,1,100,150,0,112
2026-09-02T15:08:31Z,1.12,199.1,167,56.66,11,64.62,1,100,150,0,114
2026-09-02T15:09:38Z,1.89,199.1,165,56.66,11,64.62,1,100,150,0,116
2026-09-02T15:10:44Z,1.49,199.2,166,56.66,11,64.62,1,100,150,0,117
2026-09-02T15:11:51Z,2.02,199.4,166,57.15,11,64.64,1,100,150,0,119
2026-09-02T15:12:57Z,2.19,199.5,167,57.16,11,64.64,1,100,150,0,121
2026-09-02T15:14:04Z,4.60,199.5,165,57.22,11,64.65,1,100,150,0,122
2026-09-02T15:15:11Z,1.70,199.6,165,57.23,11,64.65,1,100,150,0,124
2026-09-02T15:16:17Z,1.55,199.6,165,57.23,11,64.66,1,100,150,0,126
2026-09-02T15:17:24Z,1.86,199.7,167,56.65,11,64.67,1,100,150,0,127
2026-09-02T15:18:31Z,1.21,199.7,166,56.53,11,64.68,1,100,150,0,129
2026-09-02T15:19:37Z,1.19,200,166,58,11,64.68,1,100,150,0,131
2026-09-02T15:20:44Z,1.36,199.9,166,56.64,11,64.68,1,100,150,0,133
2026-09-02T15:21:51Z,1.32,200,166,56.65,11,64.68,1,100,150,0,134
2026-09-02T15:22:57Z,5.55,200,167,56.67,11,64.68,1,100,150,0,136
2026-09-02T15:24:04Z,1.38,200.1,166,56.62,11,64.7,1,100,150,0,138
2026-09-02T15:25:11Z,1.53,200.2,165,56.64,11,64.7,1,100,150,0,139
2026-09-02T15:26:17Z,2.60,200.2,166,56.66,11,64.7,1,100,150,0,141
2026-09-02T15:27:24Z,1.29,200.3,167,56.66,11,64.7,1,100,150,0,143
2026-09-02T15:28:31Z,1.36,200.4,167,56.66,11,64.77,1,100,150,0,144
2026-09-02T15:29:37Z,5.87,200.5,166,56.66,11,64.82,1,100,150,0,146
2026-09-02T15:30:44Z,2.45,200.6,166,56.66,11,64.83,1,100,150,0,148
2026-09-02T15:31:51Z,1.39,200.6,167,56.66,11,64.84,1,100,150,0,149
2026-09-02T15:32:57Z,1.91,200.7,166,56.66,11,64.86,1,100,150,0,151
2026-09-02T15:34:04Z,3.04,200.7,166,56.66,11,64.87,1,100,150,0,153
2026-09-02T15:35:10Z,1.58,200.8,166,56.66,11,64.9,1,100,150,0,154
2026-09-02T15:36:17Z,1.54,200.8,166,56.66,11,64.9,1,100,150,0,156
2026-09-02T15:37:24Z,3.09,200.9,167,56.66,11,64.9,1,100,150,0,158
2026-09-02T15:38:30Z,0.94,200.9,167,56.66,11,64.9,1,100,150,0,159
2026-09-02T15:39:37Z,1.15,200.9,165,56.67,11,64.9,1,100,150,0,161
2026-09-02T15:40:44Z,1.35,201,165,56.63,11,64.9,1,100,150,0,163
2026-09-02T15:41:50Z,1.06,201,166,57.02,11,64.91,1,100,150,0,164
2026-09-02T15:42:57Z,1.58,201,167,57.16,11,64.91,1,100,150,0,166
2026-09-02T15:44:04Z,1.50,201,166,57.26,11,64.91,1,100,150,0,168
2026-09-02T15:45:10Z,5.86,201.3,165,56.5,11,64.91,1,100,150,0,169
2026-09-02T15:46:17Z,1.29,201.1,165,56.64,11,64.91,1,100,150,0,171
2026-09-02T15:47:23Z,1.07,201.1,166,56.66,11,64.91,1,100,150,0,173
2026-09-02T15:48:30Z,1.74,201.2,166,56.66,11,64.92,1,100,150,0,174
2026-09-02T15:49:37Z,1.32,201.2,166,56.66,11,64.94,1,100,150,0,176
2026-09-02T15:50:43Z,1.13,201.3,165,56.64,11,64.98,1,100,150,0,178
2026-09-02T15:51:50Z,4.45,201.8,166,56.66,11,64.99,1,100,150,0,180
2026-09-02T15:52:57Z,4.83,201.5,166,56.67,11,65.02,1,100,150,0,181
2026-09-02T15:54:03Z,1.39,201.5,167,56.68,11,65.02,1,100,150,0,183
2026-09-02T15:55:10Z,1.77,201.6,166,56.67,11,65.03,1,100,150,0,184
2026-09-02T15:56:17Z,1.54,201.8,166,56.67,11,65.03,1,100,150,0,186
2026-09-02T15:57:23Z,1.28,201.8,167,56.67,11,65.04,1,100,150,0,188
2026-09-02T15:58:30Z,1.55,201.8,167,57.09,11,65.07,1,100,150,0,189
2026-09-02T15:59:37Z,5.40,201.8,165,57.09,11,65.07,1,100,150,0,191
2026-09-02T16:00:43Z,5.57,202,166,57.16,11,65.08,1,100,150,0,193
2026-09-02T16:01:50Z,2.65,202,167,57.16,11,65.11,1,100,150,0,194
2026-09-02T16:02:57Z,1.10,202,166,57.16,11,65.11,1,100,150,0,196
2026-09-02T16:04:03Z,0.92,202,166,57.16,11,65.14,1,100,150,0,198
2026-09-02T16:05:10Z,1.41,202.1,165,56.59,11,65.14,1,100,150,0,199
2026-09-02T16:06:17Z,1.16,202.1,165,56.64,11,65.14,1,100,150,0,201
2026-09-02T16:07:23Z,5.73,206.1,167,56.64,11,65.14,1,100,150,0,203
2026-09-02T16:08:30Z,5.64,206.1,167,56.66,11,65.15,1,100,150,0,205
2026-09-02T16:09:37Z,1.38,206.1,165,56.52,11,65.15,1,100,150,0,206
2026-09-02T16:10:43Z,1.21,206.2,166,56.64,11,65.17,1,100,150,0,208
2026-09-02T16:11:50Z,1.27,206.2,166,56.66,11,65.17,1,100,150,0,210
2026-09-02T16:12:56Z,1.08,206.2,166,56.66,11,65.2,1,100,150,0,211
2026-09-02T16:14:03Z,1.20,206.3,167,56.65,11,65.2,1,100,150,0,213
2026-09-02T16:15:10Z,4.29,206.4,165,56.64,11,65.2,1,100,150,0,215
2026-09-02T16:16:16Z,4.71,206.4,165,56.65,11,65.21,1,100,150,0,216
2026-09-02T16:17:23Z,1.30,206.5,167,56.68,11,65.23,1,100,150,0,218
2026-09-02T16:18:30Z,1.17,206.6,167,56.68,11,65.23,1,100,150,0,220
2026-09-02T16:19:36Z,1.23,206.7,165,56.68,11,65.23,1,100,150,0,221
2026-09-02T16:20:43Z,1.55,206.8,166,56.68,11,65.23,1,100,150,0,223
2026-09-02T16:21:49Z,2.27,206.8,167,56.7,11,65.23,1,100,150,0,225
2026-09-02T16:22:56Z,6.35,206.8,167,56.7,11,65.27,1,100,150,0,226
2026-09-02T16:24:03Z,4.24,206.9,166,56.7,11,65.27,1,100,150,0,228
2026-09-02T16:25:09Z,1.21,206.9,166,56.7,11,65.27,1,100,150,0,230
2026-09-02T16:26:16Z,1.33,207,165,56.7,11,65.29,1,100,150,0,231
2026-09-02T16:27:23Z,1.07,207,166,56.7,11,65.29,1,100,150,0,233
2026-09-02T16:28:29Z,1.23,207,167,56.7,11,65.29,1,100,150,0,235
2026-09-02T16:29:36Z,1.30,207.1,166,56.7,11,65.3,1,100,150,0,236
2026-09-02T16:30:43Z,3.51,207.1,165,56.7,11,65.3,1,100,150,0,238
2026-09-02T16:31:49Z,1.49,207.3,166,56.7,11,65.32,1,100,150,0,240
2026-09-02T16:32:56Z,1.28,207.1,166,56.54,11,65.38,1,100,150,0,241
2026-09-02T16:34:03Z,0.93,207.2,167,56.66,11,65.4,1,100,150,0,243
2026-09-02T16:35:09Z,0.95,207.2,165,56.66,11,65.44,1,100,150,0,245
2026-09-02T16:36:16Z,1.38,207.2,166,56.68,11,65.45,1,100,150,0,246
2026-09-02T16:37:23Z,1.25,207.3,166,56.68,11,65.45,1,100,150,0,248
2026-09-02T16:38:29Z,5.53,207.3,167,56.53,11,65.46,1,100,150,0,250
2026-09-02T16:39:36Z,1.02,207.3,166,56.65,11,65.46,1,100,150,0,251
2026-09-02T16:40:42Z,1.34,207.3,166,56.59,11,65.46,1,100,150,0,253
2026-09-02T16:41:49Z,1.62,207.5,166,56.66,11,65.46,1,100,150,0,255
2026-09-02T16:42:56Z,2.28,207.5,167,56.69,11,65.46,1,100,150,0,256
2026-09-02T16:44:02Z,1.18,207.6,167,56.69,11,65.47,1,100,150,0,258
2026-09-02T16:45:09Z,3.65,207.7,165,57.11,11,65.47,1,100,150,0,260
2026-09-02T16:46:16Z,3.69,207.7,166,57.17,11,65.47,1,100,150,0,261
2026-09-02T16:47:22Z,1.13,207.7,166,57.24,11,65.47,1,100,150,0,263
2026-09-02T16:48:29Z,1.41,207.8,166,57.24,11,65.47,1,100,150,0,265
2026-09-02T16:49:35Z,1.16,207.8,165,57.24,11,65.55,1,100,150,0,266
2026-09-02T16:50:42Z,1.00,207.9,166,57.24,11,65.69,1,100,150,0,268
2026-09-02T16:51:49Z,1.26,208,165,57.24,11,65.69,1,100,150,0,270
2026-09-02T16:52:55Z,3.43,208,167,57.24,11,65.69,1,100,150,0,271
2026-09-02T16:54:02Z,6.06,208,166,56.66,11,65.69,1,100,150,0,273
2026-09-02T16:55:09Z,1.15,208,165,56.67,11,65.69,1,100,150,0,275
2026-09-02T16:56:15Z,1.28,208.1,166,56.69,11,65.69,1,100,150,0,276
2026-09-02T16:57:22Z,1.32,208.1,167,56.69,11,65.7,1,100,150,0,278
2026-09-02T16:58:28Z,1.32,208.1,167,56.67,11,65.7,1,100,150,0,280
2026-09-02T16:59:35Z,1.15,208.1,166,56.68,11,65.7,1,100,150,0,281
2026-09-02T17:00:42Z,3.33,208.1,166,56.66,11,65.7,1,100,150,0,283
2026-09-02T17:01:48Z,5.12,208.1,165,56.66,11,65.7,1,100,150,0,285
2026-09-02T17:02:55Z,0.95,208.2,166,56.66,11,65.7,1,100,150,0,286
2026-09-02T17:04:02Z,1.06,208.4,167,56.68,11,65.7,1,100,150,0,288
2026-09-02T17:05:08Z,1.31,208.3,166,56.7,11,65.7,1,100,150,0,290
2026-09-02T17:06:15Z,1.49,208.3,165,56.69,11,65.7,1,100,150,0,291
2026-09-02T17:07:22Z,1.26,208.3,167,56.65,11,65.7,1,100,150,0,293
2026-09-02T17:08:28Z,4.50,208.4,166,56.67,11,65.71,1,100,150,0,295
2026-09-02T17:09:35Z,4.73,208.4,165,56.69,11,65.71,1,100,150,0,296
2026-09-02T17:10:42Z,5.12,208.5,166,56.59,11,65.71,1,100,150,0,298
2026-09-02T17:11:47Z,1.21,208.5,165,56.67,11,65.71,1,100,150,0,300
2026-09-02T17:12:54Z,1.12,208.6,167,56.68,11,65.72,1,100,150,0,301
2026-09-02T17:14:01Z,1.03,208.6,167,56.71,11,65.72,1,100,150,0,303
2026-09-02T17:15:07Z,1.52,206.7,165,56.71,11,65.73,1,100,150,0,305
2026-09-02T17:16:14Z,1.06,206.8,165,56.71,11,65.73,1,100,150,0,306
2026-09-02T17:17:21Z,1.28,206.9,167,56.71,11,65.73,1,100,150,0,308
2026-09-02T17:18:27Z,3.62,206.9,166,56.7,11,65.73,1,100,150,0,310
2026-09-02T17:19:34Z,1.87,206.9,165,56.71,11,65.73,1,100,150,0,311
2026-09-02T17:20:40Z,1.51,206.9,165,56.73,11,65.73,1,100,150,0,313
2026-09-02T17:21:47Z,1.28,207,166,56.73,11,65.73,1,100,150,0,315
2026-09-02T17:22:54Z,1.83,207,166,56.67,11,65.74,1,100,150,0,316
2026-09-02T17:24:01Z,1.89,203.3,167,56.67,11,65.74,1,100,150,0,318
2026-09-02T17:25:07Z,1.26,203.4,165,56.68,11,65.75,1,100,150,0,320
2026-09-02T17:26:14Z,5.33,203.4,166,56.7,11,65.75,1,100,150,0,321
2026-09-02T17:27:21Z,2.01,203.4,167,56.7,11,65.75,1,100,150,0,323
2026-09-02T17:28:27Z,1.17,203.5,167,56.69,11,65.76,1,100,150,0,325
2026-09-02T17:29:34Z,1.08,203.5,165,58.64,11,65.77,1,100,150,0,326
2026-09-02T17:30:40Z,1.26,203.5,165,56.69,11,65.77,1,100,150,0,328
2026-09-02T17:31:47Z,1.29,203.5,166,56.68,11,65.77,1,100,150,0,330
2026-09-02T17:32:54Z,1.23,203.5,167,56.55,11,65.77,1,100,150,0,332
2026-09-02T17:34:00Z,3.31,203.7,167,56.68,11,65.77,1,100,150,0,333
2026-09-02T17:35:07Z,4.35,203.7,166,56.69,11,65.78,1,100,150,0,335
2026-09-02T17:36:14Z,1.39,203.7,166,56.68,11,65.79,1,100,150,0,337
2026-09-02T17:37:20Z,1.11,203.7,167,56.69,11,65.84,1,100,150,0,338
2026-09-02T17:38:27Z,1.53,203.8,167,56.7,11,65.86,1,100,150,0,340
2026-09-02T17:39:34Z,1.07,203.8,166,56.68,11,65.87,1,100,150,0,342
2026-09-02T17:40:40Z,1.10,203.9,166,56.7,11,65.88,1,100,150,0,343
2026-09-02T17:41:47Z,5.66,203.9,165,56.69,11,65.88,1,100,150,0,345
2026-09-02T17:42:54Z,3.67,204,167,56.66,11,65.89,1,100,150,0,347
2026-09-02T17:44:00Z,1.14,204,167,56.68,11,65.89,1,100,150,0,348
2026-09-02T17:45:07Z,1.21,204.1,165,56.69,11,65.89,1,100,150,0,350
2026-09-02T17:46:13Z,1.11,204.1,165,56.69,11,65.9,1,100,150,0,351
2026-09-02T17:47:20Z,1.24,204.1,166,58.58,11,65.9,1,100,150,0,353
2026-09-02T17:48:27Z,1.79,204.2,166,58.58,11,65.9,1,100,150,0,355
2026-09-02T17:49:33Z,1.17,204.2,166,56.53,11,65.9,1,100,150,0,356
2026-09-02T17:50:40Z,4.29,204.2,166,56.65,11,65.9,1,100,150,0,358
2026-09-02T17:51:47Z,1.07,204.2,165,56.68,11,65.9,1,100,150,0,360
2026-09-02T17:52:53Z,1.50,204.3,166,56.65,11,65.91,1,100,150,0,362
2026-09-02T17:54:00Z,1.25,204.3,167,56.66,11,65.91,1,100,150,0,363
2026-09-02T17:55:07Z,1.42,204.4,166,56.68,11,65.91,1,100,150,0,365
2026-09-02T17:56:13Z,1.47,204.4,166,56.68,11,65.91,1,100,150,0,366
2026-09-02T17:57:20Z,3.65,204.4,167,56.58,11,65.91,1,100,150,0,368
2026-09-02T17:58:26Z,5.42,204.4,167,56.65,11,65.91,1,100,150,0,370
2026-09-02T17:59:33Z,4.75,204.4,166,56.64,11,65.91,1,100,150,0,372
2026-09-02T18:00:40Z,1.14,204.6,165,56.66,11,65.91,1,100,150,0,373
2026-09-02T18:01:46Z,1.16,204.6,165,56.67,11,65.91,1,100,150,0,375
2026-09-02T18:02:53Z,1.59,204.7,167,57.05,11,65.92,1,100,150,0,377
2026-09-02T18:04:00Z,1.28,204.7,166,57.09,11,65.92,1,100,150,0,378
2026-09-02T18:05:06Z,3.85,204.7,165,57.17,11,65.92,1,100,150,0,380
2026-09-02T18:06:13Z,5.17,204.7,165,56.64,11,65.92,1,100,150,0,382
2026-09-02T18:07:20Z,2.23,204.8,167,56.65,11,65.92,1,100,150,0,383
2026-09-02T18:08:26Z,1.82,204.8,167,56.63,11,65.96,1,100,150,0,385
2026-09-02T18:09:33Z,2.52,204.9,167,56.63,11,65.96,1,100,150,0,387
2026-09-02T18:10:40Z,1.41,205,166,56.63,11,65.96,1,100,150,0,388
2026-09-02T18:11:46Z,1.93,205,165,56.63,11,65.96,1,100,150,0,390
2026-09-02T18:12:53Z,4.11,205.1,166,56.63,11,65.96,1,100,150,0,391
2026-09-02T18:14:00Z,1.47,205.2,166,56.61,11,65.97,1,100,150,0,393
2026-09-02T18:15:06Z,1.43,205.2,166,56.62,11,65.97,1,100,150,0,395
2026-09-02T18:16:13Z,2.12,205.2,165,56.63,11,65.97,1,100,150,0,397
2026-09-02T18:17:20Z,1.64,205.2,167,56.63,11,65.97,1,100,150,0,398
2026-09-02T18:18:26Z,1.29,205.2,166,56.63,11,65.97,1,100,150,0,400
2026-09-02T18:19:33Z,4.63,205.3,167,56.59,11,65.97,1,100,150,0,402
2026-09-02T18:20:40Z,1.24,205.3,166,56.61,11,65.98,1,100,150,0,403
2026-09-02T18:21:46Z,1.43,205.3,165,56.63,11,65.98,1,100,150,0,405
2026-09-02T18:22:53Z,0.99,205.3,166,56.63,11,65.98,1,100,150,0,406
2026-09-02T18:24:00Z,1.32,205.4,166,57.05,11,65.98,1,100,150,0,408
2026-09-02T18:25:06Z,1.65,205.4,165,57.12,11,65.98,1,100,150,0,410
2026-09-02T18:26:13Z,2.06,207.2,166,57.12,11,65.98,1,100,150,0,411
2026-09-02T18:27:20Z,4.34,205.8,166,56.48,11,65.98,1,100,150,0,413
2026-09-02T18:28:26Z,1.33,205.6,167,56.61,11,65.98,1,100,150,0,415
2026-09-02T18:29:33Z,1.07,205.6,167,56.6,11,65.98,1,100,150,0,417
2026-09-02T18:30:40Z,1.16,205.7,165,56.62,11,65.99,1,100,150,0,418
2026-09-02T18:31:46Z,1.29,205.7,165,56.61,11,66.04,1,100,150,0,420
2026-09-02T18:32:53Z,1.18,205.7,167,56.61,11,66.04,1,100,150,0,422
2026-09-02T18:33:59Z,1.22,205.7,167,57.02,11,66.04,1,100,150,0,423
2026-09-02T18:35:06Z,5.50,205.7,165,56.46,11,66.04,1,100,150,0,425
2026-09-02T18:36:13Z,1.47,205.7,166,57.74,11,66.04,1,100,150,0,427
2026-09-02T18:37:19Z,1.23,205.9,167,56.44,11,66.07,1,100,150,0,428
2026-09-02T18:38:26Z,1.16,206,166,56.43,11,66.07,1,100,150,0,430
2026-09-02T18:39:32Z,1.28,206,166,56.43,11,66.1,1,100,150,0,431
2026-09-02T18:40:39Z,1.30,206,165,56.38,11,66.12,1,100,150,0,433
2026-09-02T18:41:46Z,0.97,206.1,165,56.41,11,66.13,1,100,150,0,435
2026-09-02T18:42:52Z,4.80,206.1,167,56.43,11,66.14,1,100,150,0,437
2026-09-02T18:43:59Z,1.18,206.1,167,56.44,11,66.14,1,100,150,0,438
2026-09-02T18:45:06Z,3.90,206.2,166,56.44,11,66.14,1,100,150,0,440
2026-09-02T18:46:12Z,1.11,206.2,165,56.4,11,66.14,1,100,150,0,442
2026-09-02T18:47:19Z,1.04,206.2,166,56.42,11,66.14,1,100,150,0,443
2026-09-02T18:48:26Z,1.23,206.2,167,56.44,11,66.14,1,100,150,0,445
2026-09-02T18:49:32Z,1.19,206.3,166,56.41,11,66.14,1,100,150,0,447
2026-09-02T18:50:39Z,5.77,206.4,166,56.88,11,66.15,1,100,150,0,448
2026-09-02T18:51:46Z,1.08,206.5,166,56.94,11,66.15,1,100,150,0,450
2026-09-02T18:52:52Z,1.00,206.5,166,57,11,66.15,1,100,150,0,452
2026-09-02T18:53:59Z,7.82,206.5,167,57,11,66.17,1,100,150,0,453
2026-09-02T18:55:05Z,1.30,206.5,166,56.41,11,66.17,1,100,150,0,455
2026-09-02T18:56:12Z,1.38,206.5,165,56.3,11,66.17,1,100,150,0,457
2026-09-02T18:57:19Z,1.21,206.6,166,56.4,11,66.17,1,100,150,0,458
2026-09-02T18:58:25Z,5.06,206.7,167,56.39,11,66.18,1,100,150,0,460
2026-09-02T18:59:32Z,5.79,206.7,167,56.41,11,66.18,1,100,150,0,462
2026-09-02T19:00:39Z,1.18,206.8,166,56.43,11,66.19,1,100,150,0,463
2026-09-02T19:01:45Z,1.16,206.8,166,56.43,11,66.19,1,100,150,0,465
2026-09-02T19:02:52Z,1.24,206.9,166,56.43,11,66.19,1,100,150,0,467
2026-09-02T19:03:58Z,1.19,206.9,167,56.43,11,66.19,1,100,150,0,468
2026-09-02T19:05:05Z,1.07,207,165,56.43,11,66.2,1,100,150,0,470
2026-09-02T19:06:12Z,4.92,207,166,56.43,11,66.2,1,100,150,0,471
2026-09-02T19:07:18Z,1.41,207.1,166,56.43,11,66.2,1,100,150,0,473
2026-09-02T19:08:25Z,1.01,207.2,167,56.43,11,66.21,1,100,150,0,475
2026-09-02T19:09:32Z,1.85,207.2,167,56.32,11,66.21,1,100,150,0,477
2026-09-02T19:10:39Z,1.31,207.2,165,56.36,11,66.21,1,100,150,0,478
2026-09-02T19:11:45Z,1.34,207.2,165,56.39,11,66.21,1,100,150,0,480
2026-09-02T19:12:52Z,3.68,207.2,166,56.38,11,66.21,1,100,150,0,482
2026-09-02T19:13:59Z,4.32,207.2,167,56.39,11,66.21,1,100,150,0,483
2026-09-02T19:15:05Z,1.27,207.2,166,56.39,11,66.21,1,100,150,0,485
2026-09-02T19:16:12Z,1.87,207.2,166,56.41,11,66.21,1,100,150,0,487
2026-09-02T19:17:19Z,1.86,207.3,166,56.42,11,66.21,1,100,150,0,488
2026-09-02T19:18:25Z,1.35,207.3,166,56.35,11,66.25,1,100,150,0,490
2026-09-02T19:19:32Z,1.35,207.3,167,56.36,11,66.25,1,100,150,0,492
2026-09-02T19:20:39Z,5.04,207.7,165,56.79,11,66.25,1,100,150,0,493
2026-09-02T19:21:45Z,3.74,207.5,166,56.39,11,66.25,1,100,150,0,495
2026-09-02T19:22:52Z,1.31,207.5,167,56.18,11,66.26,1,100,150,0,497
2026-09-02T19:23:59Z,1.29,207.5,166,56.36,11,66.26,1,100,150,0,498
2026-09-02T19:25:05Z,1.16,207.6,165,56.37,11,66.26,1,100,150,0,500
2026-09-02T19:26:12Z,1.01,207.6,166,56.39,11,66.26,1,100,150,0,502
2026-09-02T19:27:18Z,0.91,207.6,166,56.39,11,66.26,1,100,150,0,503
2026-09-02T19:28:25Z,1.04,207.7,166,56.37,11,66.27,1,100,150,0,505
2026-09-02T19:29:31Z,3.81,207.7,167,56.38,11,66.27,1,100,150,0,506
2026-09-02T19:30:38Z,1.37,207.7,166,56.39,11,66.27,1,100,150,0,508
2026-09-02T19:31:45Z,1.20,208,165,56.24,11,66.27,1,100,150,0,510
2026-09-02T19:32:51Z,1.26,207.8,166,56.34,11,66.27,1,100,150,0,512
2026-09-02T19:33:58Z,1.22,207.9,166,56.36,11,66.27,1,100,150,0,513
2026-09-02T19:35:05Z,1.13,208,165,56.26,11,66.27,1,100,150,0,515
2026-09-02T19:36:11Z,4.85,208,166,56.38,11,66.28,1,100,150,0,517
2026-09-02T19:37:18Z,1.53,208,165,56.4,11,66.28,1,100,150,0,518
2026-09-02T19:38:25Z,1.24,208,167,56.4,11,66.28,1,100,150,0,520
2026-09-02T19:39:31Z,1.18,208,166,56.41,11,66.29,1,100,150,0,521
2026-09-02T19:40:38Z,1.35,208.1,166,56.35,11,66.29,1,100,150,0,523
2026-09-02T19:41:45Z,1.07,208.1,166,56.38,11,66.29,1,100,150,0,525
2026-09-02T19:42:51Z,1.33,208.2,166,56.39,11,66.29,1,100,150,0,526
2026-09-02T19:43:58Z,3.87,208.2,166,56.39,11,66.3,1,100,150,0,528
2026-09-02T19:45:05Z,1.34,208.3,165,56.39,11,66.3,1,100,150,0,530
2026-09-02T19:46:11Z,1.05,208.3,166,56.39,11,66.3,1,100,150,0,531
2026-09-02T19:47:18Z,1.33,208.3,165,56.39,11,66.3,1,100,150,0,533
2026-09-02T19:48:25Z,0.95,208.5,166,56.36,11,66.3,1,100,150,0,535
2026-09-02T19:49:31Z,1.04,208.5,167,56.37,11,66.3,1,100,150,0,536
2026-09-02T19:50:38Z,6.35,208.5,165,56.39,11,66.3,1,100,150,0,538
2026-09-02T19:51:45Z,4.33,208.6,166,56.36,11,66.3,1,100,150,0,540
2026-09-02T19:52:51Z,1.67,208.6,166,56.37,11,66.3,1,100,150,0,541
2026-09-02T19:53:58Z,1.56,208.6,166,56.8,11,66.32,1,100,150,0,543
2026-09-02T19:55:05Z,1.45,208.6,165,56.32,11,66.32,1,100,150,0,545
2026-09-02T19:56:11Z,0.98,208.6,166,56.34,11,66.32,1,100,150,0,546
2026-09-02T19:57:18Z,1.66,208.6,165,56.36,11,66.32,1,100,150,0,548
2026-09-02T19:58:25Z,3.07,208.7,167,56.36,11,66.32,1,100,150,0,550
2026-09-02T19:59:31Z,4.25,208.7,167,56.36,11,66.32,1,100,150,0,551
2026-09-02T20:00:38Z,4.31,208.8,166,56.31,11,66.32,1,100,150,0,553
2026-09-02T20:01:44Z,1.19,208.8,165,56.34,11,67.86,1,100,150,0,555
2026-09-02T20:02:51Z,1.14,208.9,167,56.32,11,66.33,1,100,150,0,557
2026-09-02T20:03:58Z,1.29,208.9,166,56.33,11,66.34,1,100,150,0,558
2026-09-02T20:05:04Z,1.45,208.9,166,56.35,11,66.34,1,100,150,0,560
2026-09-02T20:06:11Z,1.17,208.9,166,56.35,11,66.34,1,100,150,0,561
2026-09-02T20:07:18Z,5.26,209,166,56.28,11,66.34,1,100,150,0,563
2026-09-02T20:08:24Z,1.22,209,167,56.35,11,66.34,1,100,150,0,565
2026-09-02T20:09:31Z,1.02,209,166,56.38,11,66.34,1,100,150,0,566
2026-09-02T20:10:37Z,1.27,209.1,166,56.38,11,66.34,1,100,150,0,568
2026-09-02T20:11:44Z,1.17,209.1,165,56.38,11,66.34,1,100,150,0,570
2026-09-02T20:12:51Z,1.15,209.2,167,56.33,11,66.34,1,100,150,0,571
2026-09-02T20:13:57Z,1.94,209.2,167,56.34,11,66.35,1,100,150,0,573
2026-09-02T20:15:04Z,3.25,209.3,166,56.36,11,66.35,1,100,150,0,575
2026-09-02T20:16:11Z,5.13,209.3,165,56.36,11,66.35,1,100,150,0,576
2026-09-02T20:17:17Z,1.42,209.3,166,56.36,11,66.35,1,100,150,0,578
2026-09-02T20:18:24Z,0.91,209.4,166,58.84,11,66.35,1,100,150,0,580
2026-09-02T20:19:31Z,1.25,209.4,166,56.34,11,66.35,1,100,150,0,581
2026-09-02T20:20:37Z,1.22,209.4,166,56.36,11,66.36,1,100,150,0,583
2026-09-02T20:21:44Z,1.22,209.4,166,56.36,11,66.36,1,100,150,0,585
2026-09-02T20:22:50Z,4.90,209.5,167,56.36,11,66.36,1,100,150,0,586
2026-09-02T20:23:57Z,6.05,209.5,166,56.32,11,66.36,1,100,150,0,588
2026-09-02T20:25:04Z,1.19,209.5,166,56.18,11,66.15,1,100,150,0,590
2026-09-02T20:26:10Z,0.99,209.5,165,56.31,11,66.15,1,100,150,0,591
2026-09-02T20:27:17Z,1.16,209.6,166,56.33,11,66.15,1,100,150,0,593
2026-09-02T20:28:23Z,2.13,209.7,167,56.33,11,66.16,1,100,150,0,595
2026-09-02T20:29:30Z,1.03,209.7,167,56.33,11,66.16,1,100,150,0,596
2026-09-02T20:30:37Z,1.19,209.7,165,56.18,11,66.16,1,100,150,0,598
2026-09-02T20:31:43Z,4.91,209.7,165,56.31,11,66.16,1,100,150,0,600
2026-09-02T20:32:50Z,1.26,209.7,166,56.31,11,66.16,1,100,150,0,601
2026-09-02T20:33:57Z,1.41,209.8,166,56.32,11,66.16,1,100,150,0,603
2026-09-02T20:35:03Z,1.09,209.9,166,56.33,11,66.16,1,100,150,0,605
2026-09-02T20:36:10Z,1.34,209.9,166,56.33,11,66.16,1,100,150,0,606
2026-09-02T20:37:16Z,1.16,209.9,166,56.59,11,66.16,1,100,150,0,608
2026-09-02T20:38:23Z,1.50,209.9,167,58.18,11,66.17,1,100,150,0,610
2026-09-02T20:39:30Z,5.33,209.9,167,56.25,11,66.18,1,100,150,0,611
2026-09-02T20:40:36Z,1.03,209.9,165,56.29,11,66.18,1,100,150,0,613
2026-09-02T20:41:43Z,1.29,210.1,165,56.32,11,66.18,1,100,150,0,615
2026-09-02T20:42:50Z,1.60,210.1,166,56.32,11,66.18,1,100,150,0,616
2026-09-02T20:43:56Z,0.96,210.1,166,56.32,11,66.18,1,100,150,0,618
2026-09-02T20:45:03Z,1.11,210.1,166,56.32,11,66.19,1,100,150,0,620
2026-09-02T20:46:09Z,1.12,210.1,165,56.23,11,66.19,1,100,150,0,621
2026-09-02T20:47:16Z,3.45,212.3,166,56.28,11,66.19,1,100,150,0,623
2026-09-02T20:48:23Z,5.49,210.2,167,56.3,11,66.2,1,100,150,0,625
2026-09-02T20:49:29Z,4.58,210.2,166,58.75,11,66.2,1,100,150,0,626
2026-09-02T20:50:36Z,1.27,210.3,165,58.75,11,66.2,1,100,150,0,628
2026-09-02T20:51:43Z,1.30,210.3,165,58.65,11,66.2,1,100,150,0,630
2026-09-02T20:52:49Z,1.41,210.3,167,59.12,11,66.2,1,100,150,0,631
2026-09-02T20:53:56Z,1.19,210.3,167,59.21,11,66.2,1,100,150,0,633
2026-09-02T20:55:03Z,1.33,210.4,167,58.68,11,66.21,1,100,150,0,635
2026-09-02T20:56:09Z,3.66,210.4,166,58.72,11,66.21,1,100,150,0,636
2026-09-02T20:57:16Z,1.40,210.5,165,58.74,11,66.21,1,100,150,0,638
2026-09-02T20:58:23Z,1.43,210.5,166,58.74,11,66.21,1,100,150,0,640
2026-09-02T20:59:29Z,1.24,210.5,167,58.71,11,66.21,1,100,150,0,641
2026-09-02T21:00:36Z,1.75,210.5,166,58.73,11,66.21,1,100,150,0,643
2026-09-02T21:01:42Z,1.09,210.6,166,58.75,11,66.21,1,100,150,0,645
2026-09-02T21:02:49Z,5.53,210.6,166,63.39,11,66.21,1,100,150,0,646
2026-09-02T21:03:56Z,3.14,210.6,166,63.39,11,66.21,1,100,150,0,648
2026-09-02T21:05:02Z,1.23,210.7,167,63.39,11,66.21,1,100,150,0,650
2026-09-02T21:06:09Z,1.05,210.7,166,63.36,11,66.22,1,100,150,0,651
2026-09-02T21:07:16Z,0.89,210.7,166,64.57,11,66.22,1,100,150,0,653
2026-09-02T21:08:22Z,1.21,210.8,166,63.39,11,66.22,1,100,150,0,655
2026-09-02T21:09:29Z,2.37,210.9,166,63.39,11,66.22,1,100,150,0,656
2026-09-02T21:10:36Z,4.07,213.2,166,63.39,11,66.22,1,100,150,0,658
2026-09-02T21:11:42Z,3.84,210.9,166,63.39,11,66.22,1,100,150,0,660
2026-09-02T21:12:49Z,1.20,210.9,166,63.39,11,66.23,1,100,150,0,661
2026-09-02T21:13:56Z,1.18,211,166,63.3,11,66.23,1,100,150,0,663
2026-09-02T21:15:02Z,2.20,211,166,63.85,11,66.23,1,100,150,0,665
2026-09-02T21:16:09Z,1.08,211.1,166,63.89,11,66.24,1,100,150,0,666
2026-09-02T21:17:15Z,1.17,211.1,166,63.94,11,66.24,1,100,150,0,668
2026-09-02T21:18:22Z,1.26,211.1,166,63.94,11,66.24,1,100,150,0,670
2026-09-02T21:19:29Z,3.28,211.1,166,63.38,11,66.24,1,100,150,0,671
2026-09-02T21:20:35Z,1.16,211.1,165,63.39,11,66.24,1,100,150,0,673
2026-09-02T21:21:42Z,1.28,211.1,166,63.41,11,66.24,1,100,150,0,675
2026-09-02T21:22:49Z,1.06,211.1,165,63.86,11,66.25,1,100,150,0,676
2026-09-02T21:23:55Z,0.99,211.4,166,63.48,11,66.25,1,100,150,0,678
2026-09-02T21:25:02Z,2.69,211.3,167,63.6,11,66.25,1,100,150,0,680
2026-09-02T21:26:09Z,0.86,211.3,166,63.58,11,66.25,1,100,150,0,681
2026-09-02T21:27:15Z,5.20,211.3,166,63.61,11,66.25,1,100,150,0,683
2026-09-02T21:28:22Z,4.55,211.3,167,63.62,11,66.25,1,100,150,0,685
2026-09-02T21:29:29Z,1.23,211.4,167,63.62,11,66.25,1,100,150,0,686
2026-09-02T21:30:35Z,1.28,211.4,166,63.62,11,66.25,1,100,150,0,688
2026-09-02T21:31:42Z,0.86,211.7,166,63.59,11,66.25,1,100,150,0,690
2026-09-02T21:32:49Z,1.01,211.7,166,63.61,11,66.25,1,100,150,0,691
2026-09-02T21:33:55Z,1.36,211.7,166,63.61,11,66.26,1,100,150,0,693
2026-09-02T21:35:02Z,3.79,211.8,167,63.61,11,66.26,1,100,150,0,695
2026-09-02T21:36:08Z,4.28,211.9,166,63.61,11,66.26,1,100,150,0,696
2026-09-02T21:37:15Z,1.27,211.9,165,63.61,11,66.26,1,100,150,0,698
2026-09-02T21:38:22Z,1.23,212,167,65.62,11,66.26,1,100,150,0,700
2026-09-02T21:39:28Z,1.17,212,167,63.61,11,66.26,1,100,150,0,701
2026-09-02T21:40:35Z,1.07,212,165,63.62,11,66.27,1,100,150,0,703
2026-09-02T21:41:42Z,2.12,212.1,166,63.61,11,66.27,1,100,150,0,705
2026-09-02T21:42:48Z,5.09,212.1,166,63.59,11,66.27,1,100,150,0,706
2026-09-02T21:43:55Z,1.23,212.1,167,63.61,11,66.27,1,100,150,0,708
2026-09-02T21:45:01Z,0.95,212.1,166,63.62,11,66.27,1,100,150,0,710
2026-09-02T21:46:08Z,1.35,212.1,165,63.62,11,66.27,1,100,150,0,711
2026-09-02T21:47:15Z,1.16,212.2,165,63.62,11,66.27,1,100,150,0,713
2026-09-02T21:48:21Z,1.25,212.2,166,63.59,11,66.27,1,100,150,0,715
2026-09-02T21:49:28Z,0.94,212.3,167,63.59,11,66.27,1,100,150,0,716
2026-09-02T21:50:35Z,4.42,212.3,165,63.6,11,66.28,1,100,150,0,718
2026-09-02T21:51:41Z,3.75,212.3,165,63.62,11,66.28,1,100,150,0,720
2026-09-02T21:52:48Z,1.21,212.3,165,63.59,11,66.28,1,100,150,0,721
2026-09-02T21:53:55Z,1.18,212.4,167,63.59,11,66.29,1,100,150,0,723
2026-09-02T21:55:01Z,1.18,212.6,167,63.43,11,66.29,1,100,150,0,725
2026-09-02T21:56:08Z,1.33,212.4,166,63.57,11,66.29,1,100,150,0,727
2026-09-02T21:57:15Z,2.68,212.4,166,63.59,11,66.29,1,100,150,0,728
2026-09-02T21:58:21Z,1.14,212.5,166,63.59,11,66.29,1,100,150,0,730
2026-09-02T21:59:28Z,3.72,212.6,167,63.59,11,66.29,1,100,150,0,732
2026-09-02T22:00:34Z,1.72,212.6,166,63.45,11,66.3,1,100,150,0,733
2026-09-02T22:01:41Z,0.99,212.6,165,63.57,11,66.3,1,100,150,0,735
2026-09-02T22:02:48Z,1.45,212.6,166,63.59,11,66.3,1,100,150,0,737
2026-09-02T22:03:55Z,1.67,212.7,167,64,11,66.3,1,100,150,0,738
2026-09-02T22:05:01Z,1.67,212.7,166,64.05,11,66.3,1,100,150,0,740
2026-09-02T22:06:08Z,1.40,213.3,165,63.55,11,66.3,1,100,150,0,742
2026-09-02T22:07:15Z,1.65,212.8,166,63.54,11,66.3,1,100,150,0,743
2026-09-02T22:08:20Z,5.20,212.9,167,63.96,11,66.3,1,100,150,0,745
2026-09-02T22:09:27Z,1.00,212.9,166,64.07,11,66.3,1,100,150,0,747
2026-09-02T22:10:34Z,1.26,212.9,167,64.08,11,66.3,1,100,150,0,748
2026-09-02T22:11:40Z,1.49,212.9,166,63.54,11,66.31,1,100,150,0,750
2026-09-02T22:12:47Z,1.29,212.9,165,63.54,11,66.31,1,100,150,0,752
2026-09-02T22:13:54Z,1.08,212.9,166,63.54,11,66.31,1,100,150,0,753
2026-09-02T22:15:00Z,1.03,213,167,63.57,11,66.31,1,100,150,0,755
2026-09-02T22:16:07Z,5.57,213.1,166,65.04,11,66.31,1,100,150,0,757
2026-09-02T22:17:14Z,1.01,213.1,166,63.54,11,66.31,1,100,150,0,758
2026-09-02T22:18:20Z,1.35,213.1,167,63.56,11,66.32,1,100,150,0,760
2026-09-02T22:19:27Z,1.21,213.1,166,63.54,11,72.63,1,100,150,0,762
2026-09-02T22:20:34Z,1.22,213.1,166,63.54,11,66.32,1,100,150,0,763
2026-09-02T22:21:40Z,1.23,213.2,166,63.54,11,66.32,1,100,150,0,765
2026-09-02T22:22:47Z,1.26,213.3,166,63.52,11,66.32,1,100,150,0,767
2026-09-02T22:23:54Z,4.84,213.3,167,63.53,11,66.32,1,100,150,0,768
2026-09-02T22:25:00Z,1.26,213.3,167,63.61,11,66.32,1,100,150,0,770
2026-09-02T22:26:07Z,1.49,213.4,165,63.49,11,66.32,1,100,150,0,772
2026-09-02T22:27:14Z,0.90,213.4,166,63.6,11,66.32,1,100,150,0,773
2026-09-02T22:28:20Z,1.11,213.5,166,63.62,11,66.33,1,100,150,0,775
2026-09-02T22:29:27Z,1.20,213.5,167,63.62,11,66.33,1,100,150,0,777
2026-09-02T22:30:34Z,5.43,213.5,167,63.62,11,66.33,1,100,150,0,778
2026-09-02T22:31:40Z,4.98,213.5,166,63.62,11,66.33,1,100,150,0,780
2026-09-02T22:32:47Z,1.61,213.5,165,63.6,11,66.34,1,100,150,0,782
2026-09-02T22:33:54Z,1.41,213.6,167,63.61,11,66.34,1,100,150,0,783
2026-09-02T22:35:01Z,0.96,213.7,166,63.6,11,66.34,1,100,150,0,785
2026-09-02T22:36:07Z,1.14,213.9,166,63.6,11,66.34,1,100,150,0,787
2026-09-02T22:37:14Z,1.52,213.9,166,63.61,11,66.34,1,100,150,0,788
2026-09-02T22:38:21Z,4.54,213.9,167,63.64,11,66.35,1,100,150,0,790
2026-09-02T22:39:27Z,1.73,213.9,167,63.64,11,66.35,1,100,150,0,792
2026-09-02T22:40:34Z,4.55,213.9,166,63.64,11,66.35,1,100,150,0,794
2026-09-02T22:41:40Z,1.15,213.9,166,63.49,11,66.35,1,100,150,0,795
2026-09-02T22:42:47Z,2.08,214,166,65.55,11,66.35,1,100,150,0,797
2026-09-02T22:43:54Z,1.04,214,167,63.61,11,66.35,1,100,150,0,799
2026-09-02T22:45:00Z,1.09,214.1,166,63.58,11,66.35,1,100,150,0,800
2026-09-02T22:46:07Z,1.26,214.1,166,63.59,11,66.36,1,100,150,0,802
2026-09-02T22:47:14Z,0.99,214.1,166,63.61,11,66.36,1,100,150,0,804
2026-09-02T22:48:19Z,4.61,214.2,166,63.61,11,66.36,1,100,150,0,805
2026-09-02T22:49:26Z,1.29,214.2,167,65.13,11,66.36,1,100,150,0,807
2026-09-02T22:50:33Z,3.52,214.2,166,63.58,11,66.36,1,100,150,0,809
2026-09-02T22:51:39Z,1.38,214.2,165,63.6,11,66.36,1,100,150,0,810
2026-09-02T22:52:46Z,1.16,214.3,166,64.04,11,66.36,1,100,150,0,812
2026-09-02T22:53:53Z,1.77,214.4,167,63.48,11,66.36,1,100,150,0,814
2026-09-02T22:54:59Z,1.16,214.4,167,63.59,11,66.36,1,100,150,0,815
2026-09-02T22:56:06Z,4.49,214.4,166,63.59,11,66.37,1,100,150,0,817
2026-09-02T22:57:13Z,1.43,214.4,166,63.51,11,66.37,1,100,150,0,819
2026-09-02T22:58:19Z,1.99,214.5,167,63.59,11,66.37,1,100,150,0,820
2026-09-02T22:59:26Z,1.30,214.5,167,63.61,11,66.37,1,100,150,0,822
2026-09-02T23:00:33Z,1.58,214.5,166,63.61,11,66.37,1,100,150,0,824
2026-09-02T23:01:39Z,1.15,214.5,165,63.47,11,66.37,1,100,150,0,825
2026-09-02T23:02:46Z,1.43,214.6,166,63.81,11,66.37,1,100,150,0,827
2026-09-02T23:03:53Z,3.21,214.7,166,63.58,11,66.38,1,100,150,0,829
2026-09-02T23:05:00Z,5.34,214.7,166,63.57,11,66.38,1,100,150,0,830
2026-09-02T23:06:06Z,1.05,214.7,165,63.58,11,66.38,1,100,150,0,832
2026-09-02T23:07:13Z,1.21,214.8,166,63.6,11,66.38,1,100,150,0,834
2026-09-02T23:08:20Z,1.50,214.8,166,63.6,11,66.38,1,100,150,0,835
2026-09-02T23:09:26Z,1.29,214.8,167,63.48,11,66.38,1,100,150,0,837
2026-09-02T23:10:33Z,0.97,214.8,166,63.55,11,66.38,1,100,150,0,839
2026-09-02T23:11:39Z,1.11,214.9,166,63.57,11,66.38,1,100,150,0,840
2026-09-02T23:12:46Z,4.87,214.9,166,63.57,11,66.38,1,100,150,0,842
2026-09-02T23:13:53Z,4.64,215,167,63.57,11,66.39,1,100,150,0,844
2026-09-02T23:14:59Z,1.20,215,167,63.57,11,66.39,1,100,150,0,845
2026-09-02T23:16:06Z,1.26,215,166,63.57,11,66.39,1,100,150,0,847
2026-09-02T23:17:13Z,1.37,215.1,166,63.58,11,66.4,1,100,150,0,849
2026-09-02T23:18:19Z,1.11,215.1,167,63.54,11,66.4,1,100,150,0,851
2026-09-02T23:19:26Z,1.72,215.2,167,64.93,11,66.4,1,100,150,0,852
2026-09-02T23:20:33Z,5.72,215.2,166,63.57,11,66.4,1,100,150,0,854
2026-09-02T23:21:39Z,4.53,215.2,166,63.57,11,66.41,1,100,150,0,855
2026-09-02T23:22:46Z,1.24,215.3,166,63.43,11,66.41,1,100,150,0,857
2026-09-02T23:23:53Z,1.27,215.3,167,63.55,11,66.41,1,100,150,0,859
2026-09-02T23:24:59Z,1.15,215.3,167,63.52,11,66.41,1,100,150,0,861
2026-09-02T23:26:06Z,1.38,215.3,166,63.54,11,66.41,1,100,150,0,862
2026-09-02T23:27:13Z,1.38,215.3,166,63.54,11,66.41,1,100,150,0,864
2026-09-02T23:28:19Z,1.58,215.4,166,63.54,11,66.42,1,100,150,0,866
2026-09-02T23:29:26Z,6.91,215.4,166,63.54,11,66.43,1,100,150,0,867
2026-09-02T23:30:33Z,1.61,215.4,167,63.54,11,66.43,1,100,150,0,869
2026-09-02T23:31:39Z,2.61,215.4,166,63.51,11,66.43,1,100,150,0,871
2026-09-02T23:32:46Z,1.10,215.4,165,63.52,11,66.43,1,100,150,0,872
2026-09-02T23:33:53Z,1.16,215.5,166,63.54,11,66.43,1,100,150,0,874
2026-09-02T23:34:59Z,2.17,215.6,167,63.95,11,66.44,1,100,150,0,876
2026-09-02T23:36:06Z,1.10,215.6,166,63.5,11,66.44,1,100,150,0,877
2026-09-02T23:37:13Z,5.90,215.6,166,63.49,11,66.44,1,100,150,0,879
2026-09-02T23:38:19Z,4.61,215.6,166,63.5,11,66.44,1,100,150,0,881
2026-09-02T23:39:26Z,1.38,215.6,167,63.51,11,66.44,1,100,150,0,882
2026-09-02T23:40:33Z,1.29,215.6,167,63.53,11,66.44,1,100,150,0,884
2026-09-02T23:41:39Z,1.40,215.8,166,63.53,11,66.44,1,100,150,0,886
2026-09-02T23:42:46Z,0.98,215.8,165,63.53,11,66.45,1,100,150,0,887
2026-09-02T23:43:53Z,1.02,215.8,166,63.53,11,66.45,1,100,150,0,889
2026-09-02T23:44:59Z,1.14,215.8,167,63.53,11,66.45,1,100,150,0,891
2026-09-02T23:46:06Z,1.17,215.9,166,63.38,11,66.45,1,100,150,0,892
2026-09-02T23:47:13Z,5.17,215.9,166,63.5,11,66.45,1,100,150,0,894
2026-09-02T23:48:19Z,1.60,216,166,63.52,11,66.45,1,100,150,0,896
2026-09-02T23:49:26Z,1.51,216,166,63.53,11,66.45,1,100,150,0,897
2026-09-02T23:50:33Z,1.84,216,167,63.54,11,66.45,1,100,150,0,899
2026-09-02T23:51:39Z,1.80,216.1,166,63.49,11,66.45,1,100,150,0,901
2026-09-02T23:52:46Z,1.96,216.1,166,63.48,11,66.45,1,100,150,0,902
2026-09-02T23:53:53Z,4.07,216.1,167,63.51,11,66.46,1,100,150,0,904
2026-09-02T23:54:59Z,1.25,216.1,166,63.51,11,66.46,1,100,150,0,906
2026-09-02T23:56:06Z,1.46,216.1,166,63.51,11,66.46,1,100,150,0,907
2026-09-02T23:57:13Z,1.69,216.2,166,63.51,11,66.46,1,100,150,0,909
2026-09-02T23:58:19Z,1.10,216.2,167,63.51,11,66.46,1,100,150,0,911
2026-09-02T23:59:26Z,1.34,216.3,166,63.51,11,66.46,1,100,150,0,912
2026-09-03T00:00:33Z,1.40,216.3,167,63.47,11,66.46,1,100,150,0,914
2026-09-03T00:01:39Z,1.28,216.4,165,63.49,11,66.46,1,100,150,0,916
2026-09-03T00:02:46Z,1.55,216.4,165,63.89,11,66.46,1,100,150,0,918
2026-09-03T00:03:53Z,1.04,216.4,167,63.34,11,66.46,1,100,150,0,919
2026-09-03T00:04:59Z,1.18,216.6,167,63.32,11,66.47,1,100,150,0,921
2026-09-03T00:06:06Z,1.43,216.4,166,63.46,11,66.47,1,100,150,0,923
2026-09-03T00:07:12Z,1.70,216.4,166,63.47,11,66.47,1,100,150,0,924
2026-09-03T00:08:19Z,1.70,216.5,167,63.49,11,66.47,1,100,150,0,926
2026-09-03T00:09:26Z,1.49,216.5,167,63.36,11,66.47,1,100,150,0,928
2026-09-03T00:10:32Z,3.60,216.6,166,63.39,11,66.47,1,100,150,0,929
2026-09-03T00:11:39Z,1.20,216.7,165,63.46,11,66.48,1,100,150,0,931
2026-09-03T00:12:46Z,1.72,216.7,166,63.48,11,66.48,1,100,150,0,933
2026-09-03T00:13:52Z,0.99,216.7,167,63.47,11,66.48,1,100,150,0,934
2026-09-03T00:14:59Z,0.93,216.7,167,63.47,11,66.48,1,100,150,0,936
2026-09-03T00:16:06Z,2.35,216.8,165,63.95,11,66.48,1,100,150,0,938
2026-09-03T00:17:12Z,1.20,216.8,165,63.45,11,66.48,1,100,150,0,939
2026-09-03T00:18:19Z,1.48,216.8,167,63.45,11,66.48,1,100,150,0,941
2026-09-03T00:19:26Z,3.23,216.9,167,63.46,11,66.48,1,100,150,0,943
2026-09-03T00:20:32Z,1.25,216.9,166,63.48,11,66.48,1,100,150,0,944
2026-09-03T00:21:39Z,1.09,217,165,63.48,11,66.48,1,100,150,0,946
2026-09-03T00:22:45Z,1.80,217,166,63.48,11,66.49,1,100,150,0,948
2026-09-03T00:23:52Z,1.08,217,167,63.48,11,66.49,1,100,150,0,949
2026-09-03T00:24:59Z,3.03,217,167,63.45,11,66.49,1,100,150,0,951
2026-09-03T00:26:05Z,1.38,217,165,63.65,11,66.49,1,100,150,0,953
2026-09-03T00:27:12Z,1.50,217.1,165,63.41,11,66.49,1,100,150,0,954
2026-09-03T00:28:19Z,4.45,217.2,165,63.34,11,66.49,1,100,150,0,956
2026-09-03T00:29:25Z,1.17,217.2,167,63.87,11,66.49,1,100,150,0,958
2026-09-03T00:30:32Z,0.99,217.2,167,63.91,11,66.5,1,100,150,0,959
2026-09-03T00:31:39Z,1.23,217.2,166,63.91,11,66.5,1,100,150,0,961
2026-09-03T00:32:45Z,1.15,217.3,166,63.91,11,66.5,1,100,150,0,963
2026-09-03T00:33:52Z,1.40,217.5,167,63.27,11,66.5,1,100,150,0,965
2026-09-03T00:34:59Z,1.18,217.4,167,63.4,11,66.5,1,100,150,0,966
2026-09-03T00:36:05Z,5.43,217.4,166,63.41,11,66.5,1,100,150,0,968
2026-09-03T00:37:12Z,1.08,217.4,166,63.4,11,66.5,1,100,150,0,970
2026-09-03T00:38:19Z,1.13,217.5,166,63.41,11,66.5,1,100,150,0,971
2026-09-03T00:39:25Z,0.93,217.6,167,63.43,11,66.5,1,100,150,0,973
2026-09-03T00:40:32Z,1.32,217.6,166,65.36,11,66.51,1,100,150,0,975
2026-09-03T00:41:39Z,1.42,217.6,165,63.43,11,66.51,1,100,150,0,976
2026-09-03T00:42:45Z,1.47,217.6,165,65.02,11,66.51,1,100,150,0,978
2026-09-03T00:43:52Z,3.36,217.6,167,63.43,11,66.51,1,100,150,0,980
2026-09-03T00:44:59Z,2.13,217.7,167,63.43,11,66.51,1,100,150,0,981
2026-09-03T00:46:05Z,1.19,217.9,165,64.45,11,66.51,1,100,150,0,983
2026-09-03T00:47:12Z,1.38,217.8,166,63.42,11,66.51,1,100,150,0,985
2026-09-03T00:48:19Z,1.18,217.8,165,63.41,11,66.52,1,100,150,0,986
2026-09-03T00:49:25Z,1.46,217.8,167,63.29,11,66.52,1,100,150,0,988
2026-09-03T00:50:32Z,1.38,217.8,166,63.4,11,66.52,1,100,150,0,990
2026-09-03T00:51:39Z,1.54,217.8,166,63.41,11,66.52,1,100,150,0,991
2026-09-03T00:52:45Z,3.95,217.9,165,63.39,11,66.52,1,100,150,0,993
2026-09-03T00:53:52Z,1.56,217.9,166,63.41,11,66.52,1,100,150,0,995
2026-09-03T00:54:59Z,0.95,217.9,167,63.43,11,66.52,1,100,150,0,996
2026-09-03T00:56:05Z,1.39,217.9,166,63.29,11,66.52,1,100,150,0,998
2026-09-03T00:57:12Z,1.29,218,165,63.4,11,66.52,1,100,150,0,1000
2026-09-03T00:58:18Z,1.27,218,166,63.43,11,66.53,1,100,150,0,1001
2026-09-03T00:59:25Z,1.12,218,166,63.43,11,66.53,1,100,150,0,1003
2026-09-03T01:00:32Z,5.04,218.1,167,63.43,11,66.53,1,100,150,0,1005
2026-09-03T01:01:39Z,1.15,218.2,165,65.51,11,66.53,1,100,150,0,1006
2026-09-03T01:02:45Z,1.15,218.2,166,63.41,11,66.53,1,100,150,0,1008
2026-09-03T01:03:52Z,1.37,218.2,166,63.39,11,66.53,1,100,150,0,1010
2026-09-03T01:04:58Z,0.84,218.2,166,63.41,11,66.53,1,100,150,0,1011
2026-09-03T01:06:05Z,1.13,218.3,166,63.41,11,66.54,1,100,150,0,1013
2026-09-03T01:07:12Z,1.09,218.4,166,63.38,11,66.54,1,100,150,0,1015
2026-09-03T01:08:18Z,1.27,218.4,165,63.39,11,66.54,1,100,150,0,1016
2026-09-03T01:09:25Z,4.97,218.4,166,63.42,11,66.54,1,100,150,0,1018
2026-09-03T01:10:32Z,4.98,218.4,166,63.42,11,66.54,1,100,150,0,1020
2026-09-03T01:11:38Z,4.28,218.5,165,63.38,11,66.54,1,100,150,0,1022
2026-09-03T01:12:45Z,1.18,218.5,165,63.38,11,66.54,1,100,150,0,1023
2026-09-03T01:13:52Z,1.73,218.6,166,63.41,11,66.54,1,100,150,0,1025
2026-09-03T01:14:58Z,1.33,218.6,167,63.41,11,66.54,1,100,150,0,1027
2026-09-03T01:16:05Z,1.16,218.6,165,63.43,11,66.55,1,100,150,0,1028
2026-09-03T01:17:12Z,4.58,218.7,165,63.41,11,66.55,1,100,150,0,1030
2026-09-03T01:18:19Z,0.89,218.7,166,63.41,11,66.55,1,100,150,0,1032
2026-09-03T01:19:25Z,1.17,218.7,166,63.41,11,66.55,1,100,150,0,1033
2026-09-03T01:20:32Z,1.50,218.8,167,63.35,11,66.55,1,100,150,0,1035
2026-09-03T01:21:38Z,1.30,218.9,165,65.1,11,66.55,1,100,150,0,1037
2026-09-03T01:22:45Z,1.16,218.9,166,63.39,11,66.55,1,100,150,0,1038
2026-09-03T01:23:52Z,1.21,219,167,63.38,11,66.55,1,100,150,0,1040
2026-09-03T01:24:58Z,4.24,219,166,63.4,11,66.55,1,100,150,0,1042
2026-09-03T01:26:05Z,3.47,219,166,63.83,11,66.56,1,100,150,0,1043
2026-09-03T01:27:12Z,1.00,219,165,63.89,11,66.56,1,100,150,0,1045
2026-09-03T01:28:18Z,1.16,219,166,63.9,11,66.56,1,100,150,0,1047
2026-09-03T01:29:25Z,1.13,219.1,167,63.91,11,66.56,1,100,150,0,1048
2026-09-03T01:30:32Z,1.25,219.3,167,63.91,11,66.56,1,100,150,0,1050
2026-09-03T01:31:38Z,1.51,219.3,165,63.28,11,66.56,1,100,150,0,1052
2026-09-03T01:32:45Z,1.49,219.3,165,63.39,11,66.56,1,100,150,0,1053
2026-09-03T01:33:52Z,4.76,219.3,167,63.41,11,66.57,1,100,150,0,1055
2026-09-03T01:34:58Z,1.31,219.3,166,63.39,11,66.57,1,100,150,0,1057
2026-09-03T01:36:05Z,1.69,219.4,166,63.38,11,66.57,1,100,150,0,1058
2026-09-03T01:37:11Z,1.09,219.4,165,63.39,11,66.62,1,100,150,0,1060
2026-09-03T01:38:18Z,1.54,219.4,166,65.57,11,66.63,1,100,150,0,1062
2026-09-03T01:39:25Z,1.13,219.4,167,63.41,11,66.63,1,100,150,0,1064
2026-09-03T01:40:31Z,1.11,219.4,167,63.89,11,66.64,1,100,150,0,1065
2026-09-03T01:41:38Z,3.55,219.5,166,63.95,11,66.64,1,100,150,0,1067
2026-09-03T01:42:45Z,1.29,219.5,165,63.96,11,66.64,1,100,150,0,1068
2026-09-03T01:43:51Z,0.91,219.5,166,63.41,11,66.64,1,100,150,0,1070
2026-09-03T01:44:58Z,2.14,219.6,166,63.32,11,66.64,1,100,150,0,1072
2026-09-03T01:46:04Z,1.48,219.7,167,63.4,11,66.64,1,100,150,0,1074
2026-09-03T01:47:10Z,1.37,219.7,166,63.42,11,66.64,1,100,150,0,1075
2026-09-03T01:48:17Z,1.10,219.7,165,63.29,11,66.64,1,100,150,0,1077
2026-09-03T01:49:23Z,2.72,219.8,166,63.35,11,66.64,1,100,150,0,1079
2026-09-03T01:50:30Z,1.26,219.8,167,63.36,11,66.64,1,100,150,0,1080
2026-09-03T01:51:37Z,1.19,219.8,166,63.39,11,66.65,1,100,150,0,1082
2026-09-03T01:52:43Z,4.62,219.8,166,63.39,11,66.65,1,100,150,0,1084
2026-09-03T01:53:50Z,1.26,219.9,166,64.5,11,66.65,1,100,150,0,1085
2026-09-03T01:54:57Z,1.06,219.9,167,63.38,11,66.66,1,100,150,0,1087
2026-09-03T01:56:03Z,1.25,219.9,166,65.12,11,66.66,1,100,150,0,1089
2026-09-03T01:57:10Z,1.59,220,166,63.36,11,66.66,1,100,150,0,1090
2026-09-03T01:58:17Z,1.66,220,165,63.39,11,66.66,1,100,150,0,1092
2026-09-03T01:59:23Z,2.26,220.1,167,63.39,11,66.66,1,100,150,0,1094
2026-09-03T02:00:30Z,4.37,220.2,167,63.39,11,66.66,1,100,150,0,1095
2026-09-03T02:01:36Z,1.20,220.1,165,63.39,11,66.66,1,100,150,0,1097
2026-09-03T02:02:43Z,2.31,220.2,165,63.24,11,66.66,1,100,150,0,1099
2026-09-03T02:03:50Z,1.03,220.2,166,63.29,11,66.91,1,100,150,0,1100
2026-09-03T02:04:56Z,2.33,220.2,167,63.36,11,66.66,1,100,150,0,1102
2026-09-03T02:06:03Z,1.52,220.3,166,63.39,11,66.67,1,100,150,0,1104
2026-09-03T02:07:10Z,1.50,220.3,165,63.39,11,66.67,1,100,150,0,1105
2026-09-03T02:08:16Z,4.16,220.4,166,63.39,11,66.67,1,100,150,0,1107
2026-09-03T02:09:23Z,6.00,220.4,167,63.39,11,66.67,1,100,150,0,1109
2026-09-03T02:10:30Z,0.94,220.4,167,63.39,11,66.67,1,100,150,0,1110
2026-09-03T02:11:36Z,1.52,220.4,165,63.39,11,66.67,1,100,150,0,1112
2026-09-03T02:12:43Z,1.92,220.4,165,63.39,11,66.68,1,100,150,0,1114
2026-09-03T02:13:50Z,1.56,220.5,167,63.36,11,66.68,1,100,150,0,1115
2026-09-03T02:14:56Z,1.17,220.6,167,63.36,11,66.68,1,100,150,0,1117
2026-09-03T02:16:03Z,1.28,220.6,166,63.35,11,66.68,1,100,150,0,1119
2026-09-03T02:17:10Z,7.32,220.6,165,63.36,11,66.68,1,100,150,0,1121
2026-09-03T02:18:16Z,1.66,220.6,166,63.38,11,66.68,1,100,150,0,1122
2026-09-03T02:19:23Z,1.36,220.6,166,63.38,11,66.68,1,100,150,0,1124
2026-09-03T02:20:30Z,1.19,220.7,167,63.37,11,66.68,1,100,150,0,1125
2026-09-03T02:21:36Z,1.40,220.7,165,63.38,11,66.68,1,100,150,0,1127
2026-09-03T02:22:43Z,1.32,220.8,166,63.38,11,66.68,1,100,150,0,1129
2026-09-03T02:23:50Z,1.13,220.8,166,63.8,11,66.69,1,100,150,0,1130
2026-09-03T02:24:56Z,3.65,220.9,166,63.32,11,66.69,1,100,150,0,1132
2026-09-03T02:26:03Z,1.19,221,166,63.34,11,66.69,1,100,150,0,1134
2026-09-03T02:27:09Z,0.49,221.6,155,63.32,11,66.69,1,100,150,0,1134
2026-09-03T02:28:16Z,0.54,221.6,155,63.32,11,66.69,1,100,150,0,1135
2026-09-03T02:29:23Z,0.50,221.6,155,63.33,11,66.69,1,100,150,0,1135
2026-09-03T02:30:29Z,0.54,221.6,154,63.35,11,66.72,1,100,150,0,1136
2026-09-03T02:31:36Z,0.49,221.6,154,63.34,11,66.72,1,100,150,0,1136
2026-09-03T02:32:43Z,4.59,224.1,155,63.31,11,66.72,1,100,150,0,1136
2026-09-03T02:33:49Z,2.89,221.6,154,63.32,11,66.72,1,100,150,0,1137
2026-09-03T02:34:56Z,3.69,221.7,155,63.34,11,66.72,1,100,150,0,1137
2026-09-03T02:36:03Z,0.56,221.7,155,63.3,11,66.72,1,100,150,0,1137
2026-09-03T02:37:09Z,0.59,221.7,154,63.57,11,66.72,1,100,150,0,1138
2026-09-03T02:38:16Z,0.60,221.7,155,63.83,11,66.73,1,100,150,0,1138
2026-09-03T02:39:23Z,0.59,221.7,155,63.95,11,66.73,1,100,150,0,1138
2026-09-03T02:40:29Z,0.62,221.9,154,63.34,11,66.73,1,100,150,0,1139
2026-09-03T02:41:36Z,0.37,221.7,155,63.34,11,66.73,1,100,150,0,1139
2026-09-03T02:42:42Z,0.55,221.9,155,63.3,11,66.73,1,100,150,0,1140
2026-09-03T02:43:49Z,0.43,221.9,155,63.72,11,66.73,1,100,150,0,1140
2026-09-03T02:44:56Z,0.53,221.9,155,63.76,11,66.73,1,100,150,0,1140
2026-09-03T02:46:02Z,0.39,221.9,155,63.81,11,78.33,1,100,150,0,1141
2026-09-03T02:47:09Z,0.51,221.9,154,63.2,11,66.73,1,100,150,0,1141
2026-09-03T02:48:15Z,0.69,221.9,155,64.27,11,66.74,1,100,150,0,1141
2026-09-03T02:49:22Z,0.50,222,154,63.34,11,66.74,1,100,150,0,1142
2026-09-03T02:50:29Z,0.55,222,154,63.35,11,66.74,1,100,150,0,1142
2026-09-03T02:51:35Z,4.03,222,155,63.13,11,66.74,1,100,150,0,1142
2026-09-03T02:52:42Z,0.94,222,155,63.8,11,66.74,1,100,150,0,1143
2026-09-03T02:53:48Z,0.86,222,155,63.85,11,66.74,1,100,150,0,1143
2026-09-03T02:54:55Z,0.98,222,155,63.91,11,66.74,1,100,150,0,1144
2026-09-03T02:56:02Z,0.40,222,154,63.3,11,66.75,1,100,150,0,1144
2026-09-03T02:57:08Z,0.68,222,155,63.32,11,66.75,1,100,150,0,1144
2026-09-03T02:58:15Z,0.47,222.1,154,63.34,11,66.75,1,100,150,0,1145
2026-09-03T02:59:21Z,0.42,222.1,155,63.34,11,66.75,1,100,150,0,1145
2026-09-03T03:00:28Z,3.60,222.1,155,63.34,11,66.75,1,100,150,0,1145
2026-09-03T03:01:35Z,0.74,222.2,155,63.34,11,66.75,1,100,150,0,1146
2026-09-03T03:02:41Z,0.43,222.2,155,63.31,11,66.75,1,100,150,0,1146
2026-09-03T03:03:48Z,1.04,222.2,155,63.32,11,66.75,1,100,150,0,1146
2026-09-03T03:04:54Z,0.59,222.2,155,63.32,11,66.75,1,100,150,0,1147
2026-09-03T03:06:01Z,0.44,222.2,154,63.33,11,66.76,1,100,150,0,1147
2026-09-03T03:07:08Z,0.50,222.2,155,63.82,11,66.76,1,100,150,0,1148
2026-09-03T03:08:14Z,4.94,222.2,155,63.34,11,66.76,1,100,150,0,1148
2026-09-03T03:09:21Z,3.34,222.3,155,63.36,11,66.76,1,100,150,0,1148
2026-09-03T03:10:28Z,0.94,222.3,154,63.25,11,66.76,1,100,150,0,1149
2026-09-03T03:11:34Z,0.53,222.3,154,63.33,11,66.76,1,100,150,0,1149
2026-09-03T03:12:41Z,0.49,222.3,154,63.35,11,66.76,1,100,150,0,1149
2026-09-03T03:13:48Z,0.62,222.3,154,63.23,11,66.77,1,100,150,0,1150
2026-09-03T03:14:54Z,0.62,222.3,154,63.33,11,66.77,1,100,150,0,1150
2026-09-03T03:16:00Z,0.54,222.3,154,63.35,11,66.77,1,100,150,0,1150
2026-09-03T03:17:06Z,0.55,222.3,154,63.36,11,66.77,1,100,150,0,1151
2026-09-03T03:18:13Z,0.98,222.3,154,63.36,11,66.77,1,100,150,0,1151
2026-09-03T03:19:20Z,5.28,222.3,155,63.36,11,66.77,1,100,150,0,1151
2026-09-03T03:20:26Z,1.05,222.4,155,63.2,11,66.79,1,100,150,0,1152
2026-09-03T03:21:33Z,0.67,222.4,155,63.23,11,66.79,1,100,150,0,1152
2026-09-03T03:22:40Z,0.40,222.4,155,63.31,11,66.79,1,100,150,0,1153
2026-09-03T03:23:46Z,0.67,222.4,155,63.34,11,66.79,1,100,150,0,1153
2026-09-03T03:24:53Z,0.72,222.6,154,63.18,11,66.79,1,100,150,0,1153
2026-09-03T03:25:59Z,0.50,222.5,155,63.29,11,66.79,1,100,150,0,1154
2026-09-03T03:27:06Z,4.29,222.5,154,63.3,11,66.79,1,100,150,0,1154
2026-09-03T03:28:13Z,2.99,222.5,154,63.31,11,66.79,1,100,150,0,1154
2026-09-03T03:29:19Z,0.63,222.6,154,63.31,11,66.8,1,100,150,0,1155
2026-09-03T03:30:26Z,0.50,222.6,154,63.27,11,66.8,1,100,150,0,1155
2026-09-03T03:31:32Z,0.54,222.6,155,63.29,11,66.8,1,100,150,0,1155
2026-09-03T03:32:39Z,0.37,222.6,155,63.25,11,66.8,1,100,150,0,1156
2026-09-03T03:33:46Z,0.46,222.6,154,63.28,11,66.8,1,100,150,0,1156
2026-09-03T03:34:52Z,0.61,222.6,155,63.27,11,66.8,1,100,150,0,1157
2026-09-03T03:35:59Z,4.07,222.6,155,63.29,11,66.8,1,100,150,0,1157
2026-09-03T03:37:06Z,0.92,222.6,155,63.73,11,66.8,1,100,150,0,1157
2026-09-03T03:38:12Z,1.03,222.6,154,63.73,11,66.8,1,100,150,0,1158
2026-09-03T03:39:19Z,0.56,222.6,155,63.75,11,66.81,1,100,150,0,1158
2026-09-03T03:40:25Z,0.52,222.6,154,63.76,11,66.81,1,100,150,0,1158
2026-09-03T03:41:32Z,0.53,222.6,155,63.78,11,66.81,1,100,150,0,1159
2026-09-03T03:42:39Z,0.41,222.6,154,63.87,11,66.81,1,100,150,0,1159
2026-09-03T03:43:45Z,4.32,222.6,154,65.02,11,66.81,1,100,150,0,1159
2026-09-03T03:44:52Z,4.57,222.6,155,63.87,11,66.81,1,100,150,0,1160
2026-09-03T03:45:59Z,0.48,222.6,155,65.52,11,66.81,1,100,150,0,1160
2026-09-03T03:47:05Z,0.46,222.6,154,63.25,11,66.82,1,100,150,0,1161
2026-09-03T03:48:12Z,0.52,222.6,154,63.29,11,66.82,1,100,150,0,1161
2026-09-03T03:49:18Z,0.60,222.6,154,63.32,11,66.82,1,100,150,0,1161
2026-09-03T03:50:25Z,0.41,222.7,155,63.68,11,66.82,1,100,150,0,1162
2026-09-03T03:51:32Z,0.39,222.7,155,63.27,11,66.82,1,100,150,0,1162
2026-09-03T03:52:38Z,4.27,222.7,155,63.3,11,66.82,1,100,150,0,1162
2026-09-03T03:53:45Z,1.03,222.7,155,63.29,11,66.82,1,100,150,0,1163
2026-09-03T03:54:52Z,0.47,222.7,155,63.3,11,66.82,1,100,150,0,1163
2026-09-03T03:55:58Z,0.56,222.7,154,63.33,11,66.82,1,100,150,0,1163
2026-09-03T03:57:05Z,0.49,222.7,155,63.33,11,66.83,1,100,150,0,1164
2026-09-03T03:58:11Z,0.44,222.7,155,63.15,11,66.83,1,100,150,0,1164
2026-09-03T03:59:18Z,0.47,222.7,155,64.87,11,66.83,1,100,150,0,1164
2026-09-03T04:00:25Z,0.73,223.6,154,63.32,11,66.83,1,100,150,0,1165
2026-09-03T04:01:31Z,2.84,222.7,155,63.32,11,66.83,1,100,150,0,1165
2026-09-03T04:02:38Z,1.32,222.7,154,63.32,11,66.83,1,100,150,0,1166
2026-09-03T04:03:45Z,0.50,222.7,154,63.17,11,66.84,1,100,150,0,1166
2026-09-03T04:04:51Z,0.41,222.7,154,63.29,11,66.84,1,100,150,0,1166
2026-09-03T04:05:58Z,0.66,222.7,155,63.31,11,66.84,1,100,150,0,1167
2026-09-03T04:07:04Z,0.51,222.7,155,63.31,11,66.84,1,100,150,0,1167
2026-09-03T04:08:11Z,0.51,222.7,154,63.15,11,66.84,1,100,150,0,1167
2026-09-03T04:09:17Z,0.43,222.7,155,63.73,11,66.84,1,100,150,0,1168
2026-09-03T04:10:24Z,3.40,222.7,154,63.74,11,66.84,1,100,150,0,1168
2026-09-03T04:11:31Z,0.45,222.7,154,63.82,11,66.84,1,100,150,0,1168
2026-09-03T04:12:37Z,0.55,222.7,154,63.82,11,66.84,1,100,150,0,1169
2026-09-03T04:13:44Z,0.42,222.7,154,63.82,11,66.84,1,100,150,0,1169
2026-09-03T04:14:51Z,0.48,222.8,155,63.82,11,66.85,1,100,150,0,1169
2026-09-03T04:15:57Z,0.46,222.9,154,63.19,11,66.85,1,100,150,0,1170
2026-09-03T04:17:04Z,0.42,222.9,154,63.17,11,66.85,1,100,150,0,1170
2026-09-03T04:18:10Z,2.95,222.9,155,63.17,11,66.85,1,100,150,0,1171
2026-09-03T04:19:17Z,5.06,222.9,155,63.7,11,66.85,1,100,150,0,1171
2026-09-03T04:20:24Z,0.57,222.8,155,63.7,11,66.85,1,100,150,0,1171
2026-09-03T04:21:30Z,0.52,222.8,155,63.22,11,66.86,1,100,150,0,1172
2026-09-03T04:22:37Z,0.57,222.8,155,63.3,11,66.86,1,100,150,0,1172
2026-09-03T04:23:43Z,0.69,222.8,155,63.32,11,66.86,1,100,150,0,1172
2026-09-03T04:24:50Z,0.48,222.8,155,63.32,11,66.86,1,100,150,0,1173
2026-09-03T04:25:57Z,4.35,222.8,155,63.3,11,66.86,1,100,150,0,1173
2026-09-03T04:27:03Z,3.90,222.8,154,63.26,11,66.86,1,100,150,0,1174
2026-09-03T04:28:10Z,1.04,222.9,155,63.27,11,66.86,1,100,150,0,1174
2026-09-03T04:29:17Z,0.34,222.9,155,63.26,11,66.86,1,100,150,0,1174
2026-09-03T04:30:23Z,0.57,222.9,155,63.27,11,66.86,1,100,150,0,1175
2026-09-03T04:31:30Z,0.49,222.9,155,63.29,11,66.86,1,100,150,0,1175
2026-09-03T04:32:36Z,0.50,222.9,154,63.29,11,66.87,1,100,150,0,1175
2026-09-03T04:33:43Z,0.43,222.9,155,63.76,11,66.87,1,100,150,0,1176
2026-09-03T04:34:50Z,3.45,222.9,154,63.76,11,66.87,1,100,150,0,1176
2026-09-03T04:35:56Z,0.84,222.9,155,63.77,11,66.87,1,100,150,0,1176
2026-09-03T04:37:03Z,0.55,222.9,155,63.14,11,66.87,1,100,150,0,1177
2026-09-03T04:38:09Z,0.50,222.9,154,63.27,11,66.87,1,100,150,0,1177
2026-09-03T04:39:16Z,0.48,222.9,155,63.19,11,66.88,1,100,150,0,1177
2026-09-03T04:40:23Z,0.81,222.9,154,63.27,11,66.88,1,100,150,0,1178
2026-09-03T04:41:29Z,0.88,222.9,154,63.29,11,66.88,1,100,150,0,1178
2026-09-03T04:42:36Z,3.86,222.9,154,63.29,11,66.88,1,100,150,0,1179
2026-09-03T04:43:43Z,3.42,223,155,63.29,11,66.88,1,100,150,0,1179
2026-09-03T04:44:49Z,5.57,223,155,63.26,11,66.88,1,100,150,0,1179
2026-09-03T04:45:56Z,0.66,223,155,63.27,11,66.88,1,100,150,0,1180
2026-09-03T04:47:02Z,0.57,223,155,63.25,11,66.88,1,100,150,0,1180
2026-09-03T04:48:09Z,0.67,223,155,63.23,11,66.88,1,100,150,0,1180
2026-09-03T04:49:16Z,0.46,223,155,63.19,11,66.89,1,100,150,0,1181
2026-09-03T04:50:22Z,0.40,223,155,63.27,11,66.89,1,100,150,0,1181
2026-09-03T04:51:29Z,5.89,223,155,63.15,11,66.89,1,100,150,0,1181
2026-09-03T04:52:36Z,0.98,223.1,154,63.27,11,66.89,1,100,150,0,1182
2026-09-03T04:53:42Z,0.52,223.1,154,63.28,11,66.89,1,100,150,0,1182
2026-09-03T04:54:49Z,0.57,223.1,154,63.29,11,84.12,1,100,150,0,1183
2026-09-03T04:55:55Z,0.38,223.2,155,63.29,11,66.93,1,100,150,0,1183
2026-09-03T04:57:02Z,0.50,223.1,154,63.16,11,66.93,1,100,150,0,1183
2026-09-03T04:58:09Z,0.54,223.1,154,63.27,11,66.93,1,100,150,0,1184
2026-09-03T04:59:15Z,0.66,223.1,154,63.29,11,66.93,1,100,150,0,1184
2026-09-03T05:00:22Z,3.16,223.2,155,63.19,11,66.94,1,100,150,0,1184
2026-09-03T05:01:29Z,0.68,223.2,155,63.27,11,66.94,1,100,150,0,1185
2026-09-03T05:02:35Z,2.67,223.4,155,63.08,11,66.94,1,100,150,0,1185
2026-09-03T05:03:42Z,0.38,223.2,154,63.26,11,66.94,1,100,150,0,1185
2026-09-03T05:04:48Z,1.13,223.2,155,63.29,11,66.94,1,100,150,0,1186
2026-09-03T05:05:55Z,0.73,223.2,155,63.29,11,66.94,1,100,150,0,1186
2026-09-03T05:07:02Z,0.48,223.2,155,63.29,11,66.95,1,100,150,0,1186
2026-09-03T05:08:08Z,4.29,223.2,154,63.29,11,66.95,1,100,150,0,1187
2026-09-03T05:09:15Z,3.55,223.2,154,63.29,11,66.95,1,100,150,0,1187
2026-09-03T05:10:21Z,0.42,223.2,154,63.27,11,66.95,1,100,150,0,1188
2026-09-03T05:11:28Z,0.43,223.2,155,63.28,11,66.95,1,100,150,0,1188
2026-09-03T05:12:35Z,0.91,223.2,155,63.29,11,66.95,1,100,150,0,1188
2026-09-03T05:13:41Z,0.55,223.3,155,63.29,11,66.95,1,100,150,0,1189
2026-09-03T05:14:48Z,0.81,223.4,154,63.29,11,66.95,1,100,150,0,1189
2026-09-03T05:15:55Z,4.12,223.4,155,63.29,11,66.95,1,100,150,0,1189
2026-09-03T05:17:01Z,0.86,223.4,155,63.27,11,66.96,1,100,150,0,1190
2026-09-03T05:18:08Z,0.57,223.4,155,63.28,11,66.96,1,100,150,0,1190
2026-09-03T05:19:15Z,0.50,223.4,155,63.3,11,66.96,1,100,150,0,1190
2026-09-03T05:20:21Z,0.51,223.5,154,63.3,11,66.98,1,100,150,0,1191
2026-09-03T05:21:28Z,0.47,223.5,154,63.25,11,66.98,1,100,150,0,1191
2026-09-03T05:22:34Z,0.42,223.5,154,63.28,11,66.98,1,100,150,0,1191
2026-09-03T05:23:41Z,0.60,223.5,154,63.29,11,66.98,1,100,150,0,1192
2026-09-03T05:24:48Z,2.98,223.5,155,63.3,11,66.98,1,100,150,0,1192
2026-09-03T05:25:54Z,0.97,223.5,154,63.78,11,66.98,1,100,150,0,1193
2026-09-03T05:27:01Z,0.51,223.5,155,63.72,11,67.23,1,100,150,0,1193
2026-09-03T05:28:08Z,0.46,223.5,155,63.73,11,67,1,100,150,0,1193
2026-09-03T05:29:14Z,0.34,223.6,155,63.76,11,67,1,100,150,0,1194
2026-09-03T05:30:21Z,0.45,223.5,154,63.76,11,67,1,100,150,0,1194
2026-09-03T05:31:27Z,3.90,223.6,155,63.76,11,67,1,100,150,0,1194
2026-09-03T05:32:34Z,4.22,223.6,154,63.76,11,67,1,100,150,0,1195
2026-09-03T05:33:41Z,0.87,223.6,154,63.76,11,67,1,100,150,0,1195
2026-09-03T05:34:47Z,0.37,223.7,155,63.76,11,67.01,1,100,150,0,1195
2026-09-03T05:35:54Z,0.58,223.7,155,63.76,11,67.01,1,100,150,0,1196
2026-09-03T05:36:59Z,0.49,223.6,154,63.73,11,67.01,1,100,150,0,1196
2026-09-03T05:38:06Z,0.58,223.6,154,63.74,11,67.01,1,100,150,0,1196
2026-09-03T05:39:13Z,0.53,223.7,155,63.76,11,67.01,1,100,150,0,1197
2026-09-03T05:40:19Z,0.44,223.8,155,63.6,11,67.02,1,100,150,0,1197
2026-09-03T05:41:26Z,3.80,223.7,155,63.73,11,67.03,1,100,150,0,1198
2026-09-03T05:42:33Z,0.92,223.7,155,63.74,11,67.03,1,100,150,0,1198
2026-09-03T05:43:39Z,0.45,223.7,154,63.76,11,67.03,1,100,150,0,1198
2026-09-03T05:44:46Z,0.59,223.7,155,63.76,11,67.03,1,100,150,0,1199
2026-09-03T05:45:52Z,0.48,223.7,154,63.73,11,67.03,1,100,150,0,1199
2026-09-03T05:46:59Z,0.47,223.7,154,64.19,11,67.03,1,100,150,0,1199
2026-09-03T05:48:06Z,0.63,223.6,154,64.22,11,67.04,1,100,150,0,1200
2026-09-03T05:49:12Z,4.28,223.6,154,64.22,11,67.04,1,100,150,0,1200
2026-09-03T05:50:19Z,3.03,223.6,155,64.28,11,67.04,1,100,150,0,1200
2026-09-03T05:51:26Z,0.86,223.7,155,64.28,11,67.04,1,100,150,0,1201
2026-09-03T05:52:32Z,0.99,223.7,155,63.73,11,67.04,1,100,150,0,1201
2026-09-03T05:53:39Z,0.55,223.7,154,63.73,11,67.04,1,100,150,0,1202
2026-09-03T05:54:45Z,0.63,223.7,154,63.76,11,67.04,1,100,150,0,1202
2026-09-03T05:55:52Z,0.46,223.7,154,63.66,11,67.04,1,100,150,0,1202
2026-09-03T05:56:59Z,0.54,223.7,154,63.74,11,67.04,1,100,150,0,1203
2026-09-03T05:58:05Z,3.01,223.8,154,63.76,11,67.04,1,100,150,0,1203
2026-09-03T05:59:12Z,0.44,223.8,155,63.76,11,67.05,1,100,150,0,1203
2026-09-03T06:00:19Z,0.44,223.8,155,63.76,11,67.05,1,100,150,0,1204
2026-09-03T06:01:23Z,3.56,223.8,155,63.69,11,67.05,1,100,150,0,1204
2026-09-03T06:02:30Z,0.90,223.8,154,63.69,11,67.05,1,100,150,0,1204
2026-09-03T06:03:36Z,1.15,223.9,155,63.69,11,67.05,1,100,150,0,1205
2026-09-03T06:04:43Z,0.59,223.9,155,63.65,11,67.05,1,100,150,0,1205
2026-09-03T06:05:50Z,0.51,223.9,154,63.68,11,67.05,1,100,150,0,1205
2026-09-03T06:06:56Z,0.68,223.9,154,63.7,11,67.05,1,100,150,0,1206
2026-09-03T06:08:03Z,0.59,224.1,155,63.69,11,67.05,1,100,150,0,1206
2026-09-03T06:09:10Z,4.71,223.9,155,63.65,11,67.06,1,100,150,0,1207
2026-09-03T06:10:16Z,3.64,223.9,155,63.68,11,67.06,1,100,150,0,1207
2026-09-03T06:11:23Z,0.50,223.9,154,63.69,11,67.06,1,100,150,0,1207
2026-09-03T06:12:29Z,0.44,224,155,63.65,11,67.06,1,100,150,0,1208
2026-09-03T06:13:36Z,0.38,224,155,63.67,11,81.27,1,100,150,0,1208
2026-09-03T06:14:43Z,0.45,224,155,63.69,11,67.06,1,100,150,0,1208
2026-09-03T06:15:49Z,0.50,224,154,64.07,11,67.07,1,100,150,0,1209
2026-09-03T06:16:56Z,3.46,224,154,63.66,11,67.07,1,100,150,0,1209
2026-09-03T06:18:03Z,0.81,224,154,63.68,11,67.07,1,100,150,0,1209
2026-09-03T06:19:09Z,0.43,224,155,63.57,11,67.07,1,100,150,0,1210
2026-09-03T06:20:16Z,2.73,224.2,154,63.56,11,67.07,1,100,150,0,1210
2026-09-03T06:21:23Z,0.52,224,154,63.66,11,67.07,1,100,150,0,1211
2026-09-03T06:22:29Z,0.44,224,155,63.68,11,67.07,1,100,150,0,1211
2026-09-03T06:23:36Z,0.39,224,154,63.68,11,67.07,1,100,150,0,1211
2026-09-03T06:24:42Z,3.50,224,155,63.68,11,67.07,1,100,150,0,1212
2026-09-03T06:25:49Z,1.09,224,155,63.67,11,67.07,1,100,150,0,1212
2026-09-03T06:26:56Z,0.49,224,154,63.67,11,67.08,1,100,150,0,1212
2026-09-03T06:28:02Z,0.55,224,154,63.67,11,67.08,1,100,150,0,1213
2026-09-03T06:29:09Z,0.41,224,154,63.64,11,67.08,1,100,150,0,1213
2026-09-03T06:30:15Z,0.48,224,155,63.66,11,67.08,1,100,150,0,1213
2026-09-03T06:31:22Z,0.47,224.1,154,63.67,11,67.08,1,100,150,0,1214
2026-09-03T06:32:29Z,4.28,224.1,154,63.67,11,67.08,1,100,150,0,1214
2026-09-03T06:33:35Z,0.90,224.1,155,63.67,11,67.09,1,100,150,0,1214
2026-09-03T06:34:42Z,0.54,224.1,154,63.67,11,67.09,1,100,150,0,1215
2026-09-03T06:35:48Z,0.62,224.1,155,63.65,11,67.09,1,100,150,0,1215
2026-09-03T06:36:55Z,0.40,224.1,155,63.65,11,67.09,1,100,150,0,1215
2026-09-03T06:38:02Z,0.39,224.1,154,63.66,11,67.09,1,100,150,0,1216
2026-09-03T06:39:08Z,0.52,224.1,155,63.68,11,67.09,1,100,150,0,1216
2026-09-03T06:40:15Z,3.93,224.1,155,63.68,11,67.09,1,100,150,0,1217
2026-09-03T06:41:21Z,0.93,224.1,154,63.68,11,67.09,1,100,150,0,1217
2026-09-03T06:42:28Z,0.66,224.1,154,63.68,11,67.09,1,100,150,0,1217
2026-09-03T06:43:34Z,0.46,224.1,155,63.64,11,67.1,1,100,150,0,1218
2026-09-03T06:44:41Z,0.48,224.1,154,63.65,11,67.1,1,100,150,0,1218
2026-09-03T06:45:48Z,0.74,224.1,154,63.57,11,67.1,1,100,150,0,1218
2026-09-03T06:46:54Z,0.43,224.1,155,63.58,11,67.1,1,100,150,0,1219
2026-09-03T06:48:01Z,3.51,224.1,155,63.65,11,67.1,1,100,150,0,1219
2026-09-03T06:49:08Z,4.76,224.1,155,63.68,11,67.1,1,100,150,0,1219
2026-09-03T06:50:14Z,3.67,224.2,155,63.68,11,67.11,1,100,150,0,1220
2026-09-03T06:51:21Z,0.36,224.2,155,63.68,11,67.11,1,100,150,0,1220
2026-09-03T06:52:27Z,0.54,224.2,154,63.68,11,67.11,1,100,150,0,1220
2026-09-03T06:53:34Z,0.51,224.2,154,63.68,11,67.11,1,100,150,0,1221
2026-09-03T06:54:40Z,0.52,224.2,154,63.68,11,67.11,1,100,150,0,1221
2026-09-03T06:55:47Z,5.30,224.2,154,63.68,11,67.11,1,100,150,0,1222
2026-09-03T06:56:54Z,3.45,224.2,155,63.68,11,67.11,1,100,150,0,1222
2026-09-03T06:58:00Z,0.65,224.2,155,63.65,11,67.11,1,100,150,0,1222
2026-09-03T06:59:07Z,0.39,224.2,155,63.66,11,67.11,1,100,150,0,1223
2026-09-03T07:00:14Z,0.75,224.2,155,63.68,11,67.11,1,100,150,0,1223
2026-09-03T07:01:20Z,0.43,224.3,155,63.65,11,67.12,1,100,150,0,1223
2026-09-03T07:02:27Z,0.72,224.3,155,63.66,11,67.12,1,100,150,0,1224
2026-09-03T07:03:34Z,5.10,224.3,155,64.16,11,67.12,1,100,150,0,1224
2026-09-03T07:04:40Z,3.85,224.3,155,63.66,11,67.12,1,100,150,0,1224
2026-09-03T07:05:47Z,0.45,224.3,154,63.68,11,67.12,1,100,150,0,1225
2026-09-03T07:06:53Z,0.64,224.4,155,63.64,11,67.12,1,100,150,0,1225
2026-09-03T07:08:00Z,0.49,224.4,154,63.64,11,67.12,1,100,150,0,1225
2026-09-03T07:09:07Z,0.44,224.4,154,63.67,11,67.12,1,100,150,0,1226
2026-09-03T07:10:13Z,0.53,224.4,155,63.67,11,67.12,1,100,150,0,1226
2026-09-03T07:11:20Z,3.81,224.4,154,63.67,11,67.13,1,100,150,0,1227
2026-09-03T07:12:27Z,1.00,224.4,154,63.64,11,67.13,1,100,150,0,1227
2026-09-03T07:13:33Z,1.40,224.4,154,63.65,11,67.13,1,100,150,0,1227
2026-09-03T07:14:40Z,0.42,224.4,155,63.68,11,67.13,1,100,150,0,1228
2026-09-03T07:15:46Z,0.51,224.4,154,64.14,11,67.13,1,100,150,0,1228
2026-09-03T07:16:53Z,0.42,224.4,154,64.14,11,67.13,1,100,150,0,1228
2026-09-03T07:18:00Z,0.50,224.4,154,64.14,11,67.13,1,100,150,0,1229
2026-09-03T07:19:06Z,3.01,224.4,155,64.14,11,67.14,1,100,150,0,1229
2026-09-03T07:20:13Z,0.67,224.4,154,64.16,11,67.14,1,100,150,0,1229
2026-09-03T07:21:20Z,0.49,224.4,155,63.65,11,67.14,1,100,150,0,1230
2026-09-03T07:22:26Z,0.40,224.4,155,63.66,11,67.14,1,100,150,0,1230
2026-09-03T07:23:33Z,0.71,224.4,154,63.65,11,67.14,1,100,150,0,1231
2026-09-03T07:24:40Z,0.43,224.4,155,54.16,11,67.14,1,100,150,0,1231
2026-09-03T07:25:46Z,2.96,224.4,154,54.48,11,67.14,1,100,150,0,1231
2026-09-03T07:26:53Z,4.52,224.5,155,54.46,11,67.14,1,100,150,0,1232
2026-09-03T07:28:00Z,0.63,224.5,155,54.47,11,67.14,1,100,150,0,1232
2026-09-03T07:29:06Z,0.45,224.5,154,54.48,11,67.14,1,100,150,0,1232
2026-09-03T07:30:13Z,0.89,224.5,155,54.48,11,67.15,1,100,150,0,1233
2026-09-03T07:31:19Z,0.46,224.5,155,54.4,11,67.15,1,100,150,0,1233
2026-09-03T07:32:26Z,0.45,224.5,154,54.26,11,67.15,1,100,150,0,1233
2026-09-03T07:33:33Z,0.64,225,155,54.46,11,67.15,1,100,150,0,1234
2026-09-03T07:34:39Z,4.49,224.7,155,54.47,11,67.15,1,100,150,0,1234
2026-09-03T07:35:46Z,0.60,224.5,154,54.49,11,67.15,1,100,150,0,1234
2026-09-03T07:36:52Z,0.89,224.5,154,54.49,11,67.16,1,100,150,0,1235
2026-09-03T07:37:59Z,0.70,224.5,154,54.33,11,67.16,1,100,150,0,1235
2026-09-03T07:39:06Z,0.41,224.5,154,54.45,11,67.16,1,100,150,0,1236
2026-09-03T07:40:12Z,0.41,224.5,155,54.35,11,67.16,1,100,150,0,1236
2026-09-03T07:41:19Z,0.60,224.5,154,54.46,11,67.16,1,100,150,0,1236
2026-09-03T07:42:26Z,4.44,224.5,154,54.48,11,67.16,1,100,150,0,1237
2026-09-03T07:43:32Z,0.65,224.5,155,54.48,11,67.16,1,100,150,0,1237
2026-09-03T07:44:39Z,0.43,224.5,155,54.49,11,67.16,1,100,150,0,1237
2026-09-03T07:45:45Z,0.44,224.5,155,54.48,11,67.16,1,100,150,0,1238
2026-09-03T07:46:52Z,0.46,224.5,154,54.72,11,67.17,1,100,150,0,1238
2026-09-03T07:47:59Z,0.49,224.5,154,54.47,11,67.17,1,100,150,0,1238
2026-09-03T07:49:05Z,0.36,224.6,155,54.49,11,67.17,1,100,150,0,1239
2026-09-03T07:50:12Z,3.95,224.6,154,54.48,11,67.17,1,100,150,0,1239
2026-09-03T07:51:18Z,3.67,224.6,154,54.48,11,67.17,1,100,150,0,1239
2026-09-03T07:52:25Z,0.72,224.6,155,54.37,11,67.17,1,100,150,0,1240
2026-09-03T07:53:32Z,0.40,224.6,154,54.46,11,67.18,1,100,150,0,1240
2026-09-03T07:54:38Z,0.52,224.6,154,54.49,11,67.18,1,100,150,0,1241
2026-09-03T07:55:45Z,0.56,224.6,155,54.48,11,67.18,1,100,150,0,1241
2026-09-03T07:56:51Z,0.43,224.6,155,54.49,11,67.18,1,100,150,0,1241
2026-09-03T07:57:58Z,4.06,224.6,154,54.49,11,67.18,1,100,150,0,1242
2026-09-03T07:59:05Z,3.00,224.6,155,54.48,11,67.18,1,100,150,0,1242
2026-09-03T08:00:11Z,0.67,224.6,154,54.48,11,84.65,1,100,150,0,1242
2026-09-03T08:01:18Z,0.52,224.6,154,54.45,11,67.18,1,100,150,0,1243
2026-09-03T08:02:24Z,0.60,224.6,155,54.45,11,67.18,1,100,150,0,1243
2026-09-03T08:03:31Z,0.36,224.6,155,54.45,11,67.18,1,100,150,0,1243
2026-09-03T08:04:38Z,0.53,224.6,154,54.46,11,67.19,1,100,150,0,1244
2026-09-03T08:05:44Z,3.00,224.6,155,54.46,11,67.19,1,100,150,0,1244
2026-09-03T08:06:51Z,0.73,224.6,155,54.49,11,67.19,1,100,150,0,1245
2026-09-03T08:07:58Z,0.51,224.6,154,54.34,11,67.19,1,100,150,0,1245
2026-09-03T08:09:04Z,0.44,224.6,154,54.45,11,67.19,1,100,150,0,1245
2026-09-03T08:10:11Z,0.46,224.6,155,54.46,11,67.19,1,100,150,0,1246
2026-09-03T08:11:18Z,0.47,224.6,155,54.48,11,67.2,1,100,150,0,1246
2026-09-03T08:12:24Z,0.44,224.6,154,54.48,11,67.2,1,100,150,0,1246
2026-09-03T08:13:31Z,4.23,224.6,154,54.48,11,67.2,1,100,150,0,1247
2026-09-03T08:14:38Z,0.67,224.7,155,54.45,11,67.2,1,100,150,0,1247
2026-09-03T08:15:44Z,0.40,224.7,155,54.86,11,67.2,1,100,150,0,1247
2026-09-03T08:16:51Z,0.53,224.7,155,54.9,11,67.2,1,100,150,0,1248
2026-09-03T08:17:58Z,0.64,224.7,155,54.46,11,67.2,1,100,150,0,1248
2026-09-03T08:19:04Z,0.41,224.7,155,54.87,11,67.2,1,100,150,0,1248
2026-09-03T08:20:11Z,4.55,224.7,155,54.41,11,67.2,1,100,150,0,1249
2026-09-03T08:21:18Z,0.54,224.7,155,54.46,11,67.2,1,100,150,0,1249
2026-09-03T08:22:24Z,0.43,224.7,154,54.48,11,67.21,1,100,150,0,1249
2026-09-03T08:23:31Z,0.72,224.7,154,54.48,11,67.21,1,100,150,0,1250
2026-09-03T08:24:37Z,0.42,224.7,154,54.45,11,67.21,1,100,150,0,1250
2026-09-03T08:25:44Z,0.44,224.7,154,54.47,11,67.21,1,100,150,0,1251
2026-09-03T08:26:51Z,4.14,224.7,154,54.48,11,67.21,1,100,150,0,1251
2026-09-03T08:27:57Z,3.91,224.7,155,54.48,11,67.21,1,100,150,0,1251
2026-09-03T08:29:04Z,0.38,224.7,155,54.49,11,67.21,1,100,150,0,1252
2026-09-03T08:30:10Z,1.32,224.7,154,54.45,11,67.21,1,100,150,0,1252
2026-09-03T08:31:17Z,0.38,224.7,154,54.45,11,67.21,1,100,150,0,1252
2026-09-03T08:32:23Z,0.44,224.7,154,54.46,11,67.21,1,100,150,0,1253
2026-09-03T08:33:30Z,0.38,224.7,155,54.49,11,67.21,1,100,150,0,1253
2026-09-03T08:34:37Z,2.55,226.5,154,54.49,11,67.22,1,100,150,0,1253
2026-09-03T08:35:43Z,4.82,224.7,155,54.48,11,67.22,1,100,150,0,1254
2026-09-03T08:36:50Z,0.54,224.7,154,54.49,11,67.22,1,100,150,0,1254
2026-09-03T08:37:56Z,0.47,224.7,154,54.48,11,67.22,1,100,150,0,1255
2026-09-03T08:39:03Z,0.58,224.7,154,54.48,11,67.22,1,100,150,0,1255
2026-09-03T08:40:10Z,0.35,224.7,155,54.34,11,67.22,1,100,150,0,1255
2026-09-03T08:41:16Z,0.59,224.7,154,54.46,11,67.23,1,100,150,0,1256
2026-09-03T08:42:23Z,2.73,224.7,154,54.49,11,67.23,1,100,150,0,1256
2026-09-03T08:43:29Z,0.93,224.8,155,54.48,11,67.23,1,100,150,0,1256
2026-09-03T08:44:36Z,0.44,224.8,155,54.48,11,67.23,1,100,150,0,1257
2026-09-03T08:45:43Z,1.66,225,155,54.32,11,67.23,1,100,150,0,1257
2026-09-03T08:46:49Z,0.37,224.8,155,54.89,11,67.23,1,100,150,0,1257
2026-09-03T08:47:56Z,0.63,224.8,155,54.96,11,67.23,1,100,150,0,1258
2026-09-03T08:49:02Z,0.50,224.8,154,54.97,11,67.23,1,100,150,0,1258
2026-09-03T08:50:09Z,2.92,224.8,155,54.97,11,67.23,1,100,150,0,1258
2026-09-03T08:51:16Z,0.74,225,154,54.97,11,67.23,1,100,150,0,1259
2026-09-03T08:52:22Z,0.51,224.8,155,54.45,11,67.24,1,100,150,0,1259
2026-09-03T08:53:29Z,0.45,224.8,155,54.88,11,67.24,1,100,150,0,1260
2026-09-03T08:54:36Z,0.43,224.8,155,54.46,11,67.24,1,100,150,0,1260
2026-09-03T08:55:42Z,0.44,224.8,155,54.47,11,67.24,1,100,150,0,1260
2026-09-03T08:56:49Z,5.04,224.8,155,54.48,11,67.24,1,100,150,0,1261
2026-09-03T08:57:55Z,2.66,224.8,155,54.5,11,67.24,1,100,150,0,1261
2026-09-03T08:59:02Z,0.47,224.8,154,54.5,11,67.24,1,100,150,0,1261
2026-09-03T09:00:09Z,0.45,224.9,154,54.34,11,67.25,1,100,150,0,1262
2026-09-03T09:01:15Z,0.45,224.9,154,54.46,11,67.25,1,100,150,0,1262
2026-09-03T09:02:22Z,0.62,224.9,155,54.48,11,67.25,1,100,150,0,1262
2026-09-03T09:03:28Z,0.63,224.9,155,54.26,11,67.25,1,100,150,0,1263
2026-09-03T09:04:35Z,0.50,224.9,154,54.46,11,67.25,1,100,150,0,1263
2026-09-03T09:05:42Z,3.05,224.9,154,54.47,11,67.25,1,100,150,0,1263
2026-09-03T09:06:48Z,1.02,224.9,155,54.49,11,67.25,1,100,150,0,1264
2026-09-03T09:07:55Z,0.40,224.9,154,54.48,11,67.25,1,100,150,0,1264
2026-09-03T09:09:01Z,0.54,224.9,154,54.48,11,67.25,1,100,150,0,1265
2026-09-03T09:10:08Z,0.47,224.9,155,54.48,11,67.26,1,100,150,0,1265
2026-09-03T09:11:15Z,0.47,224.9,155,54.45,11,67.26,1,100,150,0,1265
2026-09-03T09:12:21Z,0.42,224.9,155,54.48,11,67.26,1,100,150,0,1266
2026-09-03T09:13:28Z,2.78,224.9,154,54.48,11,67.26,1,100,150,0,1266
2026-09-03T09:14:34Z,0.94,224.9,155,54.45,11,67.26,1,100,150,0,1266
2026-09-03T09:15:41Z,0.59,224.9,154,54.46,11,67.26,1,100,150,0,1267
2026-09-03T09:16:48Z,0.56,224.9,154,54.49,11,67.27,1,100,150,0,1267
2026-09-03T09:17:54Z,0.60,224.9,155,54.48,11,67.27,1,100,150,0,1267
2026-09-03T09:19:01Z,0.42,225.1,154,54.49,11,67.27,1,100,150,0,1268
2026-09-03T09:20:07Z,0.39,225.1,155,54.34,11,67.27,1,100,150,0,1268
2026-09-03T09:21:14Z,2.58,225.1,154,54.45,11,67.27,1,100,150,0,1269
2026-09-03T09:22:21Z,1.62,225.1,155,54.38,11,67.27,1,100,150,0,1269
2026-09-03T09:23:27Z,1.58,225.2,155,54.32,11,67.27,1,100,150,0,1269
2026-09-03T09:24:34Z,0.52,225.1,155,54.45,11,67.27,1,100,150,0,1270
2026-09-03T09:25:40Z,0.47,225.1,154,54.45,11,67.27,1,100,150,0,1270
2026-09-03T09:26:47Z,0.60,225.1,155,54.46,11,67.27,1,100,150,0,1270
2026-09-03T09:27:54Z,0.43,225.1,154,54.26,11,67.28,1,100,150,0,1271
2026-09-03T09:29:00Z,4.10,225.1,155,54.44,11,67.28,1,100,150,0,1271
2026-09-03T09:30:07Z,3.02,225.1,155,54.45,11,67.28,1,100,150,0,1271
2026-09-03T09:31:13Z,0.97,225.1,154,54.46,11,67.28,1,100,150,0,1272
2026-09-03T09:32:20Z,0.52,225.1,155,54.46,11,67.28,1,100,150,0,1272
2026-09-03T09:33:27Z,0.49,225.1,154,54.46,11,67.28,1,100,150,0,1272
2026-09-03T09:34:33Z,0.76,225.1,155,55.87,11,67.29,1,100,150,0,1273
2026-09-03T09:35:40Z,0.55,225.1,154,54.45,11,67.29,1,100,150,0,1273
2026-09-03T09:36:46Z,0.55,225.1,154,54.47,11,67.29,1,100,150,0,1274
2026-09-03T09:37:53Z,4.45,225.1,155,54.48,11,67.29,1,100,150,0,1274
2026-09-03T09:39:00Z,0.69,225.1,155,54.48,11,67.29,1,100,150,0,1274
2026-09-03T09:40:06Z,0.51,225.1,154,54.48,11,67.29,1,100,150,0,1275
2026-09-03T09:41:13Z,0.53,225.1,155,54.33,11,67.29,1,100,150,0,1275
2026-09-03T09:42:19Z,0.56,225.1,155,54.44,11,67.29,1,100,150,0,1275
2026-09-03T09:43:26Z,0.52,225.2,154,54.47,11,67.29,1,100,150,0,1276
2026-09-03T09:44:33Z,0.73,225.3,154,54.46,11,67.29,1,100,150,0,1276
2026-09-03T09:45:39Z,4.22,225.2,155,54.94,11,67.3,1,100,150,0,1276
2026-09-03T09:46:46Z,3.63,225.7,155,54.46,11,67.3,1,100,150,0,1277
2026-09-03T09:47:53Z,0.75,225.3,154,54.31,11,67.3,1,100,150,0,1277
2026-09-03T09:48:59Z,0.46,225.2,155,54.45,11,67.3,1,100,150,0,1278
2026-09-03T09:50:06Z,0.41,225.2,155,54.47,11,67.3,1,100,150,0,1278
2026-09-03T09:51:12Z,0.36,225.2,155,54.47,11,67.3,1,100,150,0,1278
2026-09-03T09:52:19Z,0.60,225.2,155,54.49,11,80.66,1,100,150,0,1279
2026-09-03T09:53:26Z,4.50,225.2,155,54.46,11,67.3,1,100,150,0,1279
2026-09-03T09:54:32Z,0.50,225.2,155,54.46,11,67.31,1,100,150,0,1279
2026-09-03T09:55:39Z,0.84,225.2,155,54.33,11,67.31,1,100,150,0,1280
2026-09-03T09:56:45Z,0.43,225.2,155,54.45,11,67.31,1,100,150,0,1280
2026-09-03T09:57:52Z,0.44,225.2,154,54.46,11,67.31,1,100,150,0,1280
2026-09-03T09:58:59Z,0.55,225.2,154,54.38,11,67.31,1,100,150,0,1281
2026-09-03T10:00:05Z,0.46,225.2,154,54.45,11,67.32,1,100,150,0,1281
2026-09-03T10:01:12Z,3.36,225.2,155,54.47,11,67.32,1,100,150,0,1281
2026-09-03T10:02:19Z,4.44,225.2,155,54.47,11,67.32,1,100,150,0,1282
2026-09-03T10:03:25Z,0.47,225.2,155,54.47,11,67.32,1,100,150,0,1282
2026-09-03T10:04:32Z,0.37,225.2,155,54.47,11,67.32,1,100,150,0,1282
2026-09-03T10:05:38Z,0.50,225.2,154,54.47,11,67.32,1,100,150,0,1283
2026-09-03T10:06:45Z,0.47,225.2,155,54.47,11,67.32,1,100,150,0,1283
2026-09-03T10:07:52Z,0.40,225.2,155,54.47,11,67.32,1,100,150,0,1283
2026-09-03T10:08:58Z,4.42,225.4,155,54.31,11,67.32,1,100,150,0,1284
2026-09-03T10:10:05Z,0.49,225.3,154,54.44,11,67.33,1,100,150,0,1284
2026-09-03T10:11:11Z,0.57,225.3,154,54.45,11,67.33,1,100,150,0,1285
2026-09-03T10:12:18Z,0.69,225.3,155,54.46,11,67.33,1,100,150,0,1285
2026-09-03T10:13:25Z,0.43,225.3,154,54.38,11,67.33,1,100,150,0,1285
2026-09-03T10:14:31Z,0.50,225.3,154,54.29,11,67.33,1,100,150,0,1286
2026-09-03T10:15:38Z,0.48,225.3,155,54.43,11,67.33,1,100,150,0,1286
2026-09-03T10:16:44Z,4.81,225.3,155,54.93,11,67.33,1,100,150,0,1286
2026-09-03T10:17:51Z,0.41,225.3,154,55.03,11,67.34,1,100,150,0,1287
2026-09-03T10:18:58Z,0.47,225.3,155,54.46,11,67.34,1,100,150,0,1287
2026-09-03T10:20:04Z,0.45,225.3,154,54.47,11,67.34,1,100,150,0,1288
2026-09-03T10:21:11Z,0.35,225.3,155,54.48,11,67.34,1,100,150,0,1288
2026-09-03T10:22:18Z,0.54,225.3,155,54.38,11,67.34,1,100,150,0,1288
2026-09-03T10:23:24Z,4.60,225.3,154,54.45,11,67.34,1,100,150,0,1289
2026-09-03T10:24:31Z,3.71,225.3,155,54.47,11,67.34,1,100,150,0,1289
2026-09-03T10:25:37Z,0.37,225.3,155,54.45,11,66.91,1,100,150,0,1289
2026-09-03T10:26:44Z,0.75,225.3,154,54.29,11,66.91,1,100,150,0,1290
2026-09-03T10:27:51Z,0.44,225.3,155,54.42,11,66.91,1,100,150,0,1290
2026-09-03T10:28:57Z,0.43,225.3,155,54.45,11,66.91,1,100,150,0,1290
2026-09-03T10:30:04Z,0.56,225.3,154,54.45,11,66.91,1,100,150,0,1291
2026-09-03T10:31:10Z,4.92,225.3,154,54.45,11,66.91,1,100,150,0,1291
2026-09-03T10:32:17Z,3.39,225.3,155,54.45,11,66.91,1,100,150,0,1291
2026-09-03T10:33:24Z,0.61,225.4,155,54.91,11,66.91,1,100,150,0,1292
2026-09-03T10:34:30Z,0.54,225.4,155,54.96,11,66.92,1,100,150,0,1292
2026-09-03T10:35:37Z,0.38,225.4,155,54.43,11,66.92,1,100,150,0,1292
2026-09-03T10:36:44Z,0.52,225.4,155,54.45,11,66.92,1,100,150,0,1293
2026-09-03T10:37:50Z,0.50,225.4,155,54.45,11,66.92,1,100,150,0,1293
2026-09-03T10:38:57Z,5.07,225.4,154,54.43,11,66.92,1,100,150,0,1294
2026-09-03T10:40:03Z,3.41,225.4,155,54.41,11,66.92,1,100,150,0,1294
2026-09-03T10:41:10Z,0.45,225.4,154,54.42,11,66.92,1,100,150,0,1294
2026-09-03T10:42:17Z,0.46,225.4,154,54.43,11,66.93,1,100,150,0,1295
2026-09-03T10:43:23Z,0.51,225.4,155,54.45,11,66.93,1,100,150,0,1295
2026-09-03T10:44:30Z,0.45,225.4,155,54.45,11,66.93,1,100,150,0,1295
2026-09-03T10:45:36Z,1.02,225.4,154,54.42,11,66.93,1,100,150,0,1296
2026-09-03T10:46:43Z,4.14,225.4,155,54.42,11,66.93,1,100,150,0,1296
2026-09-03T10:47:49Z,3.47,225.4,155,54.45,11,66.93,1,100,150,0,1296
2026-09-03T10:48:56Z,0.60,225.4,155,54.91,11,66.93,1,100,150,0,1297
2026-09-03T10:50:03Z,0.48,225.4,155,54.91,11,66.93,1,100,150,0,1297
2026-09-03T10:51:09Z,0.71,225.5,155,54.42,11,66.93,1,100,150,0,1298
2026-09-03T10:52:16Z,0.43,225.5,155,54.43,11,66.94,1,100,150,0,1298
2026-09-03T10:53:23Z,0.48,225.5,155,54.45,11,66.94,1,100,150,0,1298
2026-09-03T10:54:29Z,5.23,225.5,155,54.45,11,66.94,1,100,150,0,1299
2026-09-03T10:55:36Z,0.96,225.5,155,54.45,11,66.94,1,100,150,0,1299
2026-09-03T10:56:42Z,0.46,225.5,155,56.29,11,66.94,1,100,150,0,1299
2026-09-03T10:57:49Z,0.38,225.5,155,54.45,11,66.94,1,100,150,0,1300
2026-09-03T10:58:56Z,0.44,225.5,154,54.36,11,66.94,1,100,150,0,1300
2026-09-03T11:00:02Z,0.40,225.5,155,54.43,11,66.95,1,100,150,0,1300
2026-09-03T11:01:09Z,0.52,225.5,155,54.3,11,66.95,1,100,150,0,1301
2026-09-03T11:02:15Z,5.30,225.5,154,54.41,11,66.95,1,100,150,0,1301
2026-09-03T11:03:22Z,0.75,225.5,155,54.42,11,66.95,1,100,150,0,1301
2026-09-03T11:04:29Z,0.36,225.5,155,54.89,11,66.95,1,100,150,0,1302
2026-09-03T11:05:35Z,0.52,225.5,155,54.44,11,66.95,1,100,150,0,1302
2026-09-03T11:06:42Z,1.51,225.5,155,54.44,11,66.95,1,100,150,0,1303
2026-09-03T11:07:48Z,0.69,225.5,155,54.44,11,66.95,1,100,150,0,1303
2026-09-03T11:08:55Z,0.59,225.5,155,54.42,11,66.95,1,100,150,0,1303
2026-09-03T11:10:01Z,3.74,225.5,155,54.41,11,66.96,1,100,150,0,1304
2026-09-03T11:11:08Z,0.75,225.5,155,54.43,11,66.96,1,100,150,0,1304
2026-09-03T11:12:15Z,0.40,225.5,155,54.44,11,66.96,1,100,150,0,1304
2026-09-03T11:13:21Z,0.47,225.5,155,54.45,11,66.96,1,100,150,0,1305
2026-09-03T11:14:28Z,0.59,225.5,154,54.45,11,66.96,1,100,150,0,1305
2026-09-03T11:15:34Z,0.45,225.5,155,54.45,11,66.96,1,100,150,0,1305
2026-09-03T11:16:41Z,0.54,225.5,155,54.45,11,66.96,1,100,150,0,1306
2026-09-03T11:17:48Z,2.67,225.5,154,54.45,11,66.96,1,100,150,0,1306
2026-09-03T11:18:54Z,2.05,225.5,154,54.45,11,66.96,1,100,150,0,1306
2026-09-03T11:20:01Z,0.43,225.6,155,54.41,11,66.97,1,100,150,0,1307
2026-09-03T11:21:07Z,0.46,225.6,155,54.42,11,66.97,1,100,150,0,1307
2026-09-03T11:22:14Z,0.35,225.6,155,54.45,11,66.97,1,100,150,0,1308
2026-09-03T11:23:21Z,0.52,225.6,155,54.45,11,66.97,1,100,150,0,1308
2026-09-03T11:24:27Z,0.48,225.6,154,54.45,11,66.97,1,100,150,0,1308
2026-09-03T11:25:34Z,0.42,227.6,155,54.42,11,66.97,1,100,150,0,1309
2026-09-03T11:26:40Z,2.79,227.6,154,54.4,11,66.97,1,100,150,0,1309
2026-09-03T11:27:47Z,0.37,227.6,155,54.42,11,66.98,1,100,150,0,1309
2026-09-03T11:28:54Z,0.41,227.7,155,54.39,11,66.98,1,100,150,0,1310
2026-09-03T11:30:00Z,0.42,227.7,155,54.41,11,66.98,1,100,150,0,1310
2026-09-03T11:31:07Z,0.48,227.7,155,54.29,11,66.98,1,100,150,0,1310
2026-09-03T11:32:13Z,0.34,227.7,155,54.41,11,66.98,1,100,150,0,1311
2026-09-03T11:33:20Z,0.57,227.7,155,54.43,11,66.98,1,100,150,0,1311
2026-09-03T11:34:27Z,5.92,227.7,154,54.44,11,66.98,1,100,150,0,1311
2026-09-03T11:35:33Z,1.03,227.8,154,54.44,11,66.98,1,100,150,0,1312
2026-09-03T11:36:40Z,0.35,227.8,155,54.43,11,66.98,1,100,150,0,1312
2026-09-03T11:37:46Z,0.52,227.8,155,54.31,11,66.99,1,100,150,0,1313
2026-09-03T11:38:53Z,0.45,227.9,155,54.4,11,66.99,1,100,150,0,1313
2026-09-03T11:40:00Z,0.42,227.9,155,54.4,11,66.99,1,100,150,0,1313
2026-09-03T11:41:06Z,0.94,229.1,155,54.43,11,66.99,1,100,150,0,1314
2026-09-03T11:42:13Z,3.36,227.9,154,54.43,11,66.99,1,100,150,0,1314
2026-09-03T11:43:19Z,0.79,227.9,154,55.21,11,66.99,1,100,150,0,1314
2026-09-03T11:44:26Z,0.50,227.9,155,54.42,11,67,1,100,150,0,1315
2026-09-03T11:45:33Z,0.57,227.9,154,54.43,11,67,1,100,150,0,1315
2026-09-03T11:46:39Z,0.54,227.9,155,54.43,11,67,1,100,150,0,1315
2026-09-03T11:47:45Z,0.52,228,155,54.43,11,67,1,100,150,0,1316
2026-09-03T11:48:51Z,0.57,228,155,54.4,11,67,1,100,150,0,1316
2026-09-03T11:49:58Z,0.52,227.9,154,54.39,11,67,1,100,150,0,1316
2026-09-03T11:51:05Z,2.71,227.9,154,54.29,11,67,1,100,150,0,1317
2026-09-03T11:52:11Z,1.42,228,155,54.41,11,67,1,100,150,0,1317
2026-09-03T11:53:18Z,0.96,227.9,154,54.43,11,67,1,100,150,0,1318
2026-09-03T11:54:24Z,0.44,228,154,54.44,11,67.01,1,100,150,0,1318
2026-09-03T11:55:31Z,0.58,228,155,54.44,11,67.01,1,100,150,0,1318
2026-09-03T11:56:38Z,0.39,228,154,54.43,11,67.01,1,100,150,0,1319
2026-09-03T11:57:44Z,0.35,228,155,54.29,11,67.01,1,100,150,0,1319
2026-09-03T11:58:51Z,3.38,228.2,155,54.41,11,67.01,1,100,150,0,1319
2026-09-03T11:59:57Z,0.43,228.1,155,54.43,11,67.01,1,100,150,0,1320
2026-09-03T12:01:04Z,0.63,228.1,154,54.41,11,67.01,1,100,150,0,1320
2026-09-03T12:02:11Z,0.60,228.1,155,54.42,11,67.02,1,100,150,0,1320
2026-09-03T12:03:17Z,0.58,228.1,155,54.44,11,67.02,1,100,150,0,1321
2026-09-03T12:04:24Z,0.44,228.1,155,54.43,11,67.02,1,100,150,0,1321
2026-09-03T12:05:31Z,0.45,228.1,155,54.34,11,67.02,1,100,150,0,1322
2026-09-03T12:06:37Z,4.23,228.1,154,55.52,11,67.02,1,100,150,0,1322
2026-09-03T12:07:44Z,4.60,228.1,155,54.44,11,67.02,1,100,150,0,1322
2026-09-03T12:08:50Z,0.46,228.1,154,54.44,11,67.02,1,100,150,0,1323
2026-09-03T12:09:57Z,0.49,228.1,155,54.44,11,67.02,1,100,150,0,1323
2026-09-03T12:11:04Z,0.40,228.1,154,54.44,11,67.02,1,100,150,0,1323
2026-09-03T12:12:10Z,0.51,228.1,155,54.28,11,67.03,1,100,150,0,1324
2026-09-03T12:13:17Z,0.75,228.1,154,54.41,11,67.03,1,100,150,0,1324
2026-09-03T12:14:23Z,2.59,228.1,154,54.43,11,67.03,1,100,150,0,1324
2026-09-03T12:15:30Z,5.01,228.2,155,54.43,11,67.03,1,100,150,0,1325
2026-09-03T12:16:37Z,0.44,228.2,155,54.29,11,67.03,1,100,150,0,1325
2026-09-03T12:17:43Z,0.48,228.2,155,54.41,11,67.03,1,100,150,0,1325
2026-09-03T12:18:50Z,0.54,228.2,155,54.42,11,67.04,1,100,150,0,1326
2026-09-03T12:19:56Z,0.38,228.2,155,54.43,11,67.04,1,100,150,0,1326
2026-09-03T12:21:03Z,0.44,228.2,155,54.43,11,67.04,1,100,150,0,1326
2026-09-03T12:22:10Z,3.29,228.3,155,54.43,11,67.04,1,100,150,0,1327
2026-09-03T12:23:16Z,0.40,228.2,154,54.29,11,67.04,1,100,150,0,1327
2026-09-03T12:24:23Z,0.74,228.2,154,54.41,11,67.04,1,100,150,0,1328
2026-09-03T12:25:29Z,0.47,223.9,155,54.41,11,67.04,1,100,150,0,1328
2026-09-03T12:26:36Z,0.51,223.9,154,54.39,11,67.05,1,100,150,0,1328
2026-09-03T12:27:42Z,0.76,224,154,54.41,11,67.05,1,100,150,0,1329
2026-09-03T12:28:49Z,0.48,224,155,54.4,11,67.05,1,100,150,0,1329
2026-09-03T12:29:56Z,3.05,224,155,54.38,11,67.05,1,100,150,0,1329
2026-09-03T12:31:02Z,0.55,224,154,54.39,11,67.05,1,100,150,0,1330
2026-09-03T12:32:09Z,0.40,224,155,54.41,11,67.05,1,100,150,0,1330
2026-09-03T12:33:15Z,0.53,224,155,54.41,11,67.06,1,100,150,0,1330
2026-09-03T12:34:22Z,0.49,224.1,154,54.41,11,67.07,1,100,150,0,1331
2026-09-03T12:35:29Z,0.45,224.1,155,54.41,11,67.07,1,100,150,0,1331
2026-09-03T12:36:35Z,3.35,224.1,154,54.41,11,67.07,1,100,150,0,1331
2026-09-03T12:37:42Z,0.82,224.1,154,54.41,11,67.07,1,100,150,0,1332
2026-09-03T12:38:48Z,0.50,224.4,155,54.38,11,67.07,1,100,150,0,1332
2026-09-03T12:39:55Z,0.40,224.5,155,54.39,11,67.08,1,100,150,0,1333
2026-09-03T12:41:02Z,0.46,224.5,154,54.41,11,67.08,1,100,150,0,1333
2026-09-03T12:42:08Z,0.62,224.5,154,54.41,11,67.08,1,100,150,0,1333
2026-09-03T12:43:15Z,0.39,224.5,155,54.41,11,67.08,1,100,150,0,1334
2026-09-03T12:44:21Z,5.29,224.5,155,55.73,11,67.08,1,100,150,0,1334
2026-09-03T12:45:28Z,1.56,224.5,154,54.4,11,67.08,1,100,150,0,1334
2026-09-03T12:46:35Z,0.43,224.5,154,54.41,11,67.09,1,100,150,0,1335
2026-09-03T12:47:41Z,0.69,224.5,154,54.41,11,67.09,1,100,150,0,1335
2026-09-03T12:48:48Z,0.44,224.5,155,54.41,11,67.09,1,100,150,0,1335
2026-09-03T12:49:54Z,0.45,224.6,155,54.38,11,67.09,1,100,150,0,1336
2026-09-03T12:51:01Z,0.42,224.6,155,54.38,11,67.09,1,100,150,0,1336
2026-09-03T12:52:08Z,4.16,224.8,155,54.41,11,67.09,1,100,150,0,1336
2026-09-03T12:53:14Z,0.76,224.6,155,54.38,11,67.09,1,100,150,0,1337
2026-09-03T12:54:21Z,0.45,224.6,154,54.32,11,67.09,1,100,150,0,1337
2026-09-03T12:55:27Z,0.51,224.6,154,54.38,11,67.09,1,100,150,0,1338
2026-09-03T12:56:34Z,0.43,224.6,154,54.27,11,67.09,1,100,150,0,1338
2026-09-03T12:57:41Z,0.51,224.6,155,54.4,11,67.1,1,100,150,0,1338
2026-09-03T12:58:47Z,0.42,224.7,154,54.34,11,67.1,1,100,150,0,1339
2026-09-03T12:59:54Z,3.45,224.7,155,54.38,11,67.1,1,100,150,0,1339
2026-09-03T13:01:00Z,0.40,224.7,154,54.41,11,67.11,1,100,150,0,1339
2026-09-03T13:02:07Z,0.56,224.7,154,54.39,11,67.11,1,100,150,0,1340
2026-09-03T13:03:14Z,0.51,224.7,155,54.4,11,67.11,1,100,150,0,1340
2026-09-03T13:04:20Z,0.49,224.7,155,54.41,11,67.11,1,100,150,0,1340
2026-09-03T13:05:27Z,0.44,224.7,154,54.41,11,67.11,1,100,150,0,1341
2026-09-03T13:06:33Z,5.27,224.8,154,54.38,11,67.12,1,100,150,0,1341
2026-09-03T13:07:40Z,3.60,224.9,155,54.38,11,67.12,1,100,150,0,1342
2026-09-03T13:08:47Z,0.47,224.9,155,55.77,11,67.12,1,100,150,0,1342
2026-09-03T13:09:53Z,0.91,224.8,154,54.41,11,67.12,1,100,150,0,1342
2026-09-03T13:11:00Z,0.45,224.9,154,54.41,11,67.12,1,100,150,0,1343
2026-09-03T13:12:06Z,0.37,224.9,154,54.41,11,67.12,1,100,150,0,1343
2026-09-03T13:13:13Z,0.53,224.9,155,54.41,11,67.12,1,100,150,0,1343
2026-09-03T13:14:20Z,3.10,224.9,155,54.41,11,91.28,1,100,150,0,1344
2026-09-03T13:15:26Z,0.79,224.9,155,54.41,11,67.12,1,100,150,0,1344
2026-09-03T13:16:33Z,0.43,224.9,155,54.41,11,67.12,1,100,150,0,1344
2026-09-03T13:17:39Z,0.56,224.9,155,54.88,11,67.12,1,100,150,0,1345
2026-09-03T13:18:46Z,0.42,224.9,155,54.42,11,67.13,1,100,150,0,1345
2026-09-03T13:19:52Z,0.47,224.9,154,54.39,11,67.13,1,100,150,0,1345
2026-09-03T13:20:59Z,0.46,224.9,155,54.41,11,67.13,1,100,150,0,1346
2026-09-03T13:22:06Z,4.13,224.9,155,54.42,11,67.13,1,100,150,0,1346
2026-09-03T13:23:12Z,1.37,225,155,54.42,11,67.13,1,100,150,0,1347
2026-09-03T13:24:19Z,0.50,225,155,54.32,11,67.13,1,100,150,0,1347
2026-09-03T13:25:26Z,0.48,225,155,54.36,11,70,1,100,150,0,1347
2026-09-03T13:26:32Z,0.52,225,155,54.39,11,70,1,100,150,0,1348
2026-09-03T13:27:39Z,0.54,225,155,54.35,11,70,1,100,150,0,1348
2026-09-03T13:28:45Z,3.46,225,155,54.36,11,70,1,100,150,0,1348
2026-09-03T13:29:52Z,3.35,225,154,54.39,11,70,1,100,150,0,1349
2026-09-03T13:30:59Z,0.53,225,155,54.39,11,70,1,100,150,0,1349
2026-09-03T13:32:05Z,0.47,225,154,54.39,11,70.01,1,100,150,0,1349
2026-09-03T13:33:12Z,0.54,225,154,54.39,11,70.01,1,100,150,0,1350
2026-09-03T13:34:19Z,0.45,225,155,54.39,11,70.01,1,100,150,0,1350
2026-09-03T13:35:25Z,0.62,225,154,54.36,11,70.01,1,100,150,0,1350
2026-09-03T13:36:32Z,4.91,225,155,54.37,11,70.01,1,100,150,0,1351
2026-09-03T13:37:39Z,3.08,225,154,54.39,11,70.01,1,100,150,0,1351
2026-09-03T13:38:45Z,4.14,225,155,54.39,11,70.01,1,100,150,0,1352
2026-09-03T13:39:52Z,0.37,225,155,54.39,11,70.01,1,100,150,0,1352
2026-09-03T13:40:58Z,0.52,225,154,54.85,11,70.02,1,100,150,0,1352
2026-09-03T13:42:05Z,0.40,225,155,54.97,11,70.02,1,100,150,0,1353
2026-09-03T13:43:12Z,0.37,225,155,54.97,11,70.02,1,100,150,0,1353
2026-09-03T13:44:18Z,2.74,225,154,54.36,11,70.02,1,100,150,0,1353
2026-09-03T13:45:25Z,1.12,225.2,155,54.36,11,70.02,1,100,150,0,1354
2026-09-03T13:46:31Z,0.43,225.4,155,54.39,11,70.02,1,100,150,0,1354
2026-09-03T13:47:38Z,0.68,225.2,154,54.39,11,70.02,1,100,150,0,1354
2026-09-03T13:48:45Z,0.57,225.2,154,54.37,11,70.02,1,100,150,0,1355
2026-09-03T13:49:51Z,0.50,225.2,155,54.39,11,70.02,1,100,150,0,1355
2026-09-03T13:50:58Z,0.50,225.2,155,54.4,11,70.03,1,100,150,0,1355
2026-09-03T13:52:05Z,3.04,225.2,155,53.76,11,70.03,1,100,150,0,1356
2026-09-03T13:53:11Z,0.90,225.2,155,54.36,11,70.03,1,100,150,0,1356
2026-09-03T13:54:18Z,0.63,225.5,154,54.23,11,70.03,1,100,150,0,1357
2026-09-03T13:55:24Z,0.58,225.3,155,54.36,11,70.03,1,100,150,0,1357
2026-09-03T13:56:31Z,0.45,225.3,155,54.39,11,70.03,1,100,150,0,1357
2026-09-03T13:57:38Z,0.49,225.3,155,54.39,11,70.03,1,100,150,0,1358
2026-09-03T13:58:44Z,0.53,225.3,154,54.23,11,70.04,1,100,150,0,1358
2026-09-03T13:59:51Z,5.59,225.3,155,54.37,11,70.04,1,100,150,0,1358
2026-09-03T14:00:57Z,0.94,225.3,154,55.93,11,70.04,1,100,150,0,1359
2026-09-03T14:02:04Z,0.50,225.3,155,54.39,11,70.04,1,100,150,0,1359
2026-09-03T14:03:10Z,0.59,225.3,154,54.35,11,70.04,1,100,150,0,1359
2026-09-03T14:04:17Z,0.44,225.3,155,54.36,11,70.04,1,100,150,0,1360
2026-09-03T14:05:24Z,0.47,225.3,154,54.38,11,70.04,1,100,150,0,1360
2026-09-03T14:06:30Z,0.48,225.3,155,54.38,11,70.04,1,100,150,0,1360
2026-09-03T14:07:37Z,3.00,225.3,154,54.38,11,70.04,1,100,150,0,1361
2026-09-03T14:08:43Z,0.89,225.3,154,54.25,11,70.05,1,100,150,0,1361
2026-09-03T14:09:50Z,0.54,225.4,155,54.36,11,70.05,1,100,150,0,1362
2026-09-03T14:10:57Z,0.40,225.4,155,54.39,11,70.05,1,100,150,0,1362
2026-09-03T14:12:03Z,0.47,225.4,155,54.39,11,70.05,1,100,150,0,1362
2026-09-03T14:13:10Z,0.55,225.4,155,54.39,11,70.05,1,100,150,0,1363
2026-09-03T14:14:16Z,0.53,225.4,154,54.39,11,70.05,1,100,150,0,1363
2026-09-03T14:15:23Z,5.25,225.4,155,54.36,11,70.05,1,100,150,0,1363
2026-09-03T14:16:30Z,0.88,225.4,154,54.36,11,70.05,1,100,150,0,1364
2026-09-03T14:17:36Z,0.46,225.4,155,54.35,11,70.05,1,100,150,0,1364
2026-09-03T14:18:43Z,0.55,225.4,154,54.36,11,70.06,1,100,150,0,1364
2026-09-03T14:19:50Z,0.43,225.4,154,54.36,11,70.06,1,100,150,0,1365
2026-09-03T14:20:56Z,0.44,225.4,155,54.37,11,70.06,1,100,150,0,1365
2026-09-03T14:22:03Z,4.64,225.4,155,54.39,11,70.06,1,100,150,0,1365
2026-09-03T14:23:09Z,3.38,225.4,155,54.32,11,70.06,1,100,150,0,1366
2026-09-03T14:24:16Z,0.54,225.4,154,54.35,11,70.06,1,100,150,0,1366
2026-09-03T14:25:23Z,0.57,225.4,155,54.87,11,70.06,1,100,150,0,1367
2026-09-03T14:26:29Z,0.48,225.4,155,54.88,11,70.07,1,100,150,0,1367
2026-09-03T14:27:36Z,0.67,225.4,154,54.88,11,70.07,1,100,150,0,1367
2026-09-03T14:28:42Z,0.54,225.4,154,54.91,11,70.07,1,100,150,0,1368
2026-09-03T14:29:49Z,0.60,225.4,154,54.9,11,70.07,1,100,150,0,1368
2026-09-03T14:30:56Z,4.72,225.4,155,54.9,11,70.07,1,100,150,0,1368
2026-09-03T14:32:02Z,0.48,225.4,154,54.9,11,70.07,1,100,150,0,1369
2026-09-03T14:33:09Z,0.52,225.4,155,54.9,11,70.07,1,100,150,0,1369
2026-09-03T14:34:15Z,0.57,225.4,155,54.9,11,70.08,1,100,150,0,1369
2026-09-03T14:35:22Z,0.39,225.4,155,54.9,11,70.08,1,100,150,0,1370
2026-09-03T14:36:29Z,0.42,225.4,154,54.9,11,70.08,1,100,150,0,1370
2026-09-03T14:37:35Z,4.53,225.4,154,54.9,11,70.08,1,100,150,0,1370
2026-09-03T14:38:42Z,2.98,225.5,154,54.88,11,70.08,1,100,150,0,1371
2026-09-03T14:39:48Z,0.41,225.5,155,54.91,11,70.08,1,100,150,0,1371
2026-09-03T14:40:55Z,0.90,225.5,154,54.88,11,70.09,1,100,150,0,1372
2026-09-03T14:42:02Z,0.43,225.5,155,55.39,11,70.09,1,100,150,0,1372
2026-09-03T14:43:08Z,0.49,225.5,155,54.86,11,70.09,1,100,150,0,1372
2026-09-03T14:44:15Z,0.58,225.5,154,54.89,11,70.09,1,100,150,0,1373
2026-09-03T14:45:22Z,3.28,225.5,154,54.89,11,70.09,1,100,150,0,1373
2026-09-03T14:46:28Z,4.30,225.5,155,54.79,11,70.09,1,100,150,0,1373
2026-09-03T14:47:35Z,0.55,225.5,154,54.97,11,70.09,1,100,150,0,1374
2026-09-03T14:48:41Z,0.51,225.5,154,54.88,11,70.09,1,100,150,0,1374
2026-09-03T14:49:48Z,0.60,225.5,155,54.9,11,70.09,1,100,150,0,1374
2026-09-03T14:50:55Z,0.44,225.5,154,54.9,11,70.1,1,100,150,0,1375
2026-09-03T14:52:01Z,0.51,225.7,154,54.9,11,70.1,1,100,150,0,1375
2026-09-03T14:53:08Z,4.43,225.5,155,54.85,11,70.1,1,100,150,0,1376
2026-09-03T14:54:14Z,1.05,225.5,154,54.86,11,70.1,1,100,150,0,1376
2026-09-03T14:55:21Z,0.50,225.6,155,54.88,11,70.1,1,100,150,0,1376
2026-09-03T14:56:27Z,0.64,225.5,154,54.88,11,70.1,1,100,150,0,1377
2026-09-03T14:57:34Z,0.39,225.5,155,55.28,11,70.1,1,100,150,0,1377
2026-09-03T14:58:40Z,0.45,225.5,154,55.3,11,70.11,1,100,150,0,1377
2026-09-03T14:59:47Z,0.59,225.6,154,55.36,11,70.11,1,100,150,0,1378
2026-09-03T15:00:54Z,2.98,225.6,154,55.37,11,70.11,1,100,150,0,1378
2026-09-03T15:02:00Z,3.31,225.6,154,55.37,11,70.11,1,100,150,0,1378
2026-09-03T15:03:07Z,0.63,225.6,154,54.89,11,70.11,1,100,150,0,1379
2026-09-03T15:04:14Z,0.42,225.6,154,54.84,11,70.11,1,100,150,0,1379
2026-09-03T15:05:20Z,0.41,225.6,155,54.89,11,70.11,1,100,150,0,1379
2026-09-03T15:06:27Z,0.66,225.6,154,54.91,11,70.11,1,100,150,0,1380
2026-09-03T15:07:34Z,5.14,225.8,154,54.91,11,70.11,1,100,150,0,1380
2026-09-03T15:08:40Z,3.97,225.6,155,55.79,11,70.12,1,100,150,0,1380
2026-09-03T15:09:47Z,0.43,225.6,155,54.91,11,70.12,1,100,150,0,1381
2026-09-03T15:10:53Z,0.42,225.6,155,54.89,11,70.12,1,100,150,0,1381
2026-09-03T15:12:00Z,0.43,225.6,155,54.9,11,70.12,1,100,150,0,1382
2026-09-03T15:13:07Z,0.52,225.6,155,54.87,11,70.12,1,100,150,0,1382
2026-09-03T15:14:13Z,0.71,225.6,154,55.35,11,70.12,1,100,150,0,1382
2026-09-03T15:15:20Z,3.69,225.6,154,54.86,11,70.12,1,100,150,0,1383
2026-09-03T15:16:27Z,5.65,225.6,154,54.86,11,70.12,1,100,150,0,1383
2026-09-03T15:17:33Z,0.96,225.6,155,54.87,11,70.12,1,100,150,0,1383
2026-09-03T15:18:40Z,0.35,225.6,155,54.89,11,70.12,1,100,150,0,1384
2026-09-03T15:19:46Z,0.47,225.6,155,54.89,11,70.13,1,100,150,0,1384
2026-09-03T15:20:53Z,0.56,225.6,155,54.89,11,70.13,1,100,150,0,1384
2026-09-03T15:22:00Z,0.54,225.6,154,54.89,11,70.13,1,100,150,0,1385
2026-09-03T15:23:06Z,3.00,225.6,154,54.89,11,70.13,1,100,150,0,1385
2026-09-03T15:24:13Z,0.46,225.7,154,54.86,11,70.13,1,100,150,0,1386
2026-09-03T15:25:20Z,0.48,225.7,154,54.86,11,70.13,1,100,150,0,1386
2026-09-03T15:26:26Z,0.47,225.7,154,54.88,11,70.14,1,100,150,0,1386
2026-09-03T15:27:33Z,0.77,225.7,155,54.88,11,70.14,1,100,150,0,1387
2026-09-03T15:28:39Z,0.47,225.7,154,54.88,11,70.14,1,100,150,0,1387
2026-09-03T15:29:46Z,0.39,225.7,155,57.52,11,70.14,1,100,150,0,1387
2026-09-03T15:30:53Z,4.48,225.7,155,54.88,11,70.14,1,100,150,0,1388
2026-09-03T15:31:59Z,4.18,225.7,155,54.88,11,70.14,1,100,150,0,1388
2026-09-03T15:33:06Z,0.56,225.7,155,54.84,11,70.14,1,100,150,0,1388
2026-09-03T15:34:13Z,0.84,225.7,154,54.84,11,70.14,1,100,150,0,1389
2026-09-03T15:35:19Z,0.42,225.7,155,54.86,11,70.14,1,100,150,0,1389
2026-09-03T15:36:26Z,0.37,225.7,155,54.88,11,70.15,1,100,150,0,1389
2026-09-03T15:37:32Z,0.59,225.9,154,55.57,11,70.15,1,100,150,0,1390
2026-09-03T15:38:39Z,3.29,225.9,155,54.85,11,70.15,1,100,150,0,1390
2026-09-03T15:39:46Z,4.52,225.9,155,54.84,11,70.15,1,100,150,0,1391
2026-09-03T15:40:52Z,0.50,225.9,155,54.86,11,70.15,1,100,150,0,1391
2026-09-03T15:41:59Z,0.45,225.9,154,54.88,11,70.15,1,100,150,0,1391
2026-09-03T15:43:05Z,0.47,226,155,55.13,11,70.16,1,100,150,0,1392
2026-09-03T15:44:12Z,0.43,226,154,55.43,11,70.16,1,100,150,0,1392
2026-09-03T15:45:19Z,0.36,226,154,54.86,11,70.16,1,100,150,0,1392
2026-09-03T15:46:25Z,0.42,226,155,54.82,11,70.16,1,100,150,0,1393
2026-09-03T15:47:32Z,2.82,226,154,54.85,11,70.16,1,100,150,0,1393
2026-09-03T15:48:38Z,1.00,226,155,54.84,11,70.16,1,100,150,0,1393
2026-09-03T15:49:45Z,0.46,226.1,154,54.85,11,70.16,1,100,150,0,1394
2026-09-03T15:50:51Z,0.65,226.1,155,54.84,11,70.16,1,100,150,0,1394
2026-09-03T15:51:58Z,0.71,226.1,154,54.84,11,70.16,1,100,150,0,1394
2026-09-03T15:53:05Z,0.52,226.1,154,54.8,11,70.16,1,100,150,0,1395
2026-09-03T15:54:11Z,0.61,226.1,155,54.82,11,70.17,1,100,150,0,1395
2026-09-03T15:55:18Z,4.30,226.1,155,54.84,11,70.17,1,100,150,0,1395
2026-09-03T15:56:24Z,1.17,226.1,154,54.84,11,70.17,1,100,150,0,1396
2026-09-03T15:57:31Z,0.49,226.1,154,55.22,11,70.17,1,100,150,0,1396
2026-09-03T15:58:38Z,0.61,226.1,155,55.3,11,70.17,1,100,150,0,1397
2026-09-03T15:59:44Z,0.42,226.1,155,55.39,11,70.17,1,100,150,0,1397
2026-09-03T16:00:51Z,0.95,226.3,155,54.84,11,70.18,1,100,150,0,1397
2026-09-03T16:01:57Z,0.56,226.1,155,54.82,11,70.18,1,100,150,0,1398
2026-09-03T16:03:04Z,4.33,226.1,155,54.84,11,70.18,1,100,150,0,1398
2026-09-03T16:04:11Z,0.75,226.1,154,54.85,11,70.18,1,100,150,0,1398
2026-09-03T16:05:17Z,0.42,226.1,155,54.79,11,70.18,1,100,150,0,1399
2026-09-03T16:06:24Z,0.60,226.1,155,54.82,11,70.18,1,100,150,0,1399
2026-09-03T16:07:30Z,0.36,226.1,155,54.82,11,70.18,1,100,150,0,1400
2026-09-03T16:08:37Z,0.50,226.1,154,54.81,11,70.18,1,100,150,0,1400
2026-09-03T16:09:44Z,3.78,226.1,155,54.82,11,70.18,1,100,150,0,1400
2026-09-03T16:10:50Z,3.04,226.3,155,54.82,11,70.19,1,100,150,0,1401
2026-09-03T16:11:57Z,0.81,226.3,155,54.84,11,70.19,1,100,150,0,1401
2026-09-03T16:13:04Z,0.50,226.3,154,54.85,11,70.19,1,100,150,0,1401
2026-09-03T16:14:10Z,0.44,226.3,154,54.81,11,70.19,1,100,150,0,1402
2026-09-03T16:15:17Z,0.42,226.3,155,54.83,11,70.19,1,100,150,0,1402
2026-09-03T16:16:23Z,0.44,226.3,155,55.25,11,70.19,1,100,150,0,1402
2026-09-03T16:17:30Z,0.43,226.4,155,57.54,11,70.19,1,100,150,0,1403
2026-09-03T16:18:36Z,0.50,226.4,155,55.38,11,70.2,1,100,150,0,1403
2026-09-03T16:19:43Z,0.80,226.4,155,55.38,11,70.2,1,100,150,0,1403
2026-09-03T16:20:49Z,0.56,226.4,155,55.38,11,70.2,1,100,150,0,1404
2026-09-03T16:21:56Z,0.48,226.4,154,55.38,11,70.2,1,100,150,0,1404
2026-09-03T16:23:03Z,0.54,226.5,154,54.82,11,70.2,1,100,150,0,1404
2026-09-03T16:24:09Z,0.53,226.4,154,54.84,11,70.2,1,100,150,0,1405
2026-09-03T16:25:16Z,0.48,226.4,154,54.81,11,70.2,1,100,150,0,1405
2026-09-03T16:26:22Z,3.58,226.6,155,54.72,11,70.2,1,100,150,0,1406
2026-09-03T16:27:29Z,0.91,226.4,154,54.82,11,70.2,1,100,150,0,1406
2026-09-03T16:28:36Z,0.40,226.4,154,54.85,11,70.21,1,100,150,0,1406
2026-09-03T16:29:42Z,0.39,226.4,155,54.84,11,70.21,1,100,150,0,1407
2026-09-03T16:30:49Z,0.51,226.4,154,54.84,11,70.21,1,100,150,0,1407
2026-09-03T16:31:55Z,0.51,226.4,154,55.22,11,70.21,1,100,150,0,1407
2026-09-03T16:33:02Z,0.39,226.4,155,55.24,11,70.21,1,100,150,0,1408
2026-09-03T16:34:09Z,3.95,226.4,154,55.32,11,70.21,1,100,150,0,1408
2026-09-03T16:35:15Z,0.76,226.4,155,54.81,11,70.22,1,100,150,0,1408
2026-09-03T16:36:22Z,0.42,226.4,154,54.82,11,70.22,1,100,150,0,1409
2026-09-03T16:37:28Z,0.65,226.4,155,54.84,11,70.22,1,100,150,0,1409
2026-09-03T16:38:35Z,0.33,226.5,155,54.82,11,70.22,1,100,150,0,1410
2026-09-03T16:39:42Z,0.54,226.5,155,54.83,11,70.22,1,100,150,0,1410
2026-09-03T16:40:48Z,0.42,226.5,154,54.84,11,70.22,1,100,150,0,1410
2026-09-03T16:41:55Z,2.75,226.5,155,54.84,11,70.23,1,100,150,0,1411
2026-09-03T16:43:01Z,0.59,226.5,155,54.84,11,70.23,1,100,150,0,1411
2026-09-03T16:44:08Z,0.45,226.5,155,54.84,11,70.23,1,100,150,0,1411
2026-09-03T16:45:15Z,0.63,226.5,155,54.85,11,70.23,1,100,150,0,1412
2026-09-03T16:46:21Z,0.51,226.5,155,54.84,11,70.23,1,100,150,0,1412
2026-09-03T16:47:28Z,0.47,226.5,154,54.85,11,70.23,1,100,150,0,1412
2026-09-03T16:48:34Z,0.60,226.5,154,55.34,11,70.23,1,100,150,0,1413
2026-09-03T16:49:41Z,4.69,226.5,155,55.36,11,70.23,1,100,150,0,1413
2026-09-03T16:50:48Z,0.67,226.5,155,54.84,11,70.23,1,100,150,0,1413
2026-09-03T16:51:54Z,0.51,226.6,155,54.82,11,70.23,1,100,150,0,1414
2026-09-03T16:53:01Z,0.39,226.6,154,54.83,11,70.24,1,100,150,0,1414
2026-09-03T16:54:07Z,0.72,226.6,155,54.82,11,70.24,1,100,150,0,1415
2026-09-03T16:55:14Z,0.35,226.6,155,54.84,11,70.24,1,100,150,0,1415
2026-09-03T16:56:21Z,0.61,226.6,155,54.86,11,70.24,1,100,150,0,1415
2026-09-03T16:57:27Z,2.41,226.6,154,54.86,11,70.24,1,100,150,0,1416
2026-09-03T16:58:34Z,0.60,226.6,154,54.83,11,70.24,1,100,150,0,1416
2026-09-03T16:59:41Z,0.48,226.6,154,54.84,11,70.25,1,100,150,0,1416
2026-09-03T17:00:47Z,0.52,226.6,154,54.86,11,70.25,1,100,150,0,1417
2026-09-03T17:01:54Z,0.85,226.6,155,54.86,11,70.25,1,100,150,0,1417
2026-09-03T17:03:00Z,0.42,226.6,154,54.86,11,70.25,1,100,150,0,1417
2026-09-03T17:04:07Z,0.48,226.6,155,54.82,11,94.01,1,100,150,0,1418
2026-09-03T17:05:14Z,3.81,226.6,154,54.83,11,70.25,1,100,150,0,1418
2026-09-03T17:06:20Z,0.93,226.6,155,54.84,11,70.25,1,100,150,0,1418
2026-09-03T17:07:27Z,3.24,226.6,155,54.84,11,70.25,1,100,150,0,1419
2026-09-03T17:08:33Z,0.52,226.6,155,54.84,11,70.25,1,100,150,0,1419
2026-09-03T17:09:40Z,0.57,226.6,154,54.84,11,70.25,1,100,150,0,1419
2026-09-03T17:10:47Z,0.44,226.6,154,54.84,11,70.26,1,100,150,0,1420
2026-09-03T17:11:53Z,0.63,226.6,154,54.84,11,70.26,1,100,150,0,1420
2026-09-03T17:13:00Z,5.80,226.6,155,54.84,11,70.26,1,100,150,0,1421
2026-09-03T17:14:07Z,1.25,226.6,155,54.84,11,70.26,1,100,150,0,1421
2026-09-03T17:15:13Z,0.52,226.6,155,54.84,11,70.26,1,100,150,0,1421
2026-09-03T17:16:20Z,0.51,226.9,155,54.84,11,70.26,1,100,150,0,1422
2026-09-03T17:17:27Z,0.43,226.8,155,54.81,11,70.27,1,100,150,0,1422
2026-09-03T17:18:33Z,0.47,226.8,155,54.22,11,70.27,1,100,150,0,1422
2026-09-03T17:19:40Z,0.55,226.8,155,54.82,11,70.27,1,100,150,0,1423
2026-09-03T17:20:46Z,4.94,226.8,155,54.83,11,70.27,1,100,150,0,1423
2026-09-03T17:21:53Z,0.55,226.8,154,54.82,11,70.27,1,100,150,0,1424
2026-09-03T17:23:00Z,0.46,226.8,154,54.83,11,70.27,1,100,150,0,1424
2026-09-03T17:24:06Z,0.51,226.8,155,54.8,11,70.27,1,100,150,0,1424
2026-09-03T17:25:13Z,0.63,226.8,154,54.83,11,70.27,1,100,150,0,1425
2026-09-03T17:26:20Z,0.45,226.8,155,54.85,11,70.27,1,100,150,0,1425
2026-09-03T17:27:26Z,1.93,228.6,155,54.83,11,70.27,1,100,150,0,1425
2026-09-03T17:28:33Z,4.16,226.8,155,54.84,11,70.28,1,100,150,0,1426
2026-09-03T17:29:40Z,0.85,226.8,155,54.86,11,70.28,1,100,150,0,1426
2026-09-03T17:30:46Z,0.65,226.8,155,54.8,11,70.28,1,100,150,0,1426
2026-09-03T17:31:53Z,0.52,226.8,154,54.83,11,70.28,1,100,150,0,1427
2026-09-03T17:33:00Z,0.47,226.8,155,54.84,11,70.28,1,100,150,0,1427
2026-09-03T17:34:06Z,0.50,226.8,154,54.84,11,70.28,1,100,150,0,1427
2026-09-03T17:35:13Z,0.58,226.8,155,54.84,11,70.28,1,100,150,0,1428
2026-09-03T17:36:19Z,4.68,226.8,154,54.84,11,70.29,1,100,150,0,1428
2026-09-03T17:37:26Z,1.09,226.8,155,54.84,11,70.29,1,100,150,0,1428
2026-09-03T17:38:33Z,0.49,226.9,155,54.84,11,70.29,1,100,150,0,1429
2026-09-03T17:39:39Z,0.52,226.9,155,54.84,11,70.29,1,100,150,0,1429
2026-09-03T17:40:46Z,0.35,226.9,155,54.85,11,70.29,1,100,150,0,1429
2026-09-03T17:41:53Z,0.88,226.9,154,54.84,11,70.29,1,100,150,0,1430
2026-09-03T17:42:59Z,3.34,226.9,155,54.85,11,70.29,1,100,150,0,1430
2026-09-03T17:44:06Z,2.97,226.9,155,54.84,11,70.29,1,100,150,0,1431
2026-09-03T17:45:12Z,0.45,227.1,154,54.64,11,70.29,1,100,150,0,1431
2026-09-03T17:46:19Z,0.43,226.9,155,54.82,11,70.29,1,100,150,0,1431
2026-09-03T17:47:26Z,0.57,226.9,155,54.84,11,70.3,1,100,150,0,1432
2026-09-03T17:48:32Z,0.50,226.9,155,54.7,11,70.3,1,100,150,0,1432
2026-09-03T17:49:39Z,0.43,226.9,154,54.82,11,70.3,1,100,150,0,1432
2026-09-03T17:50:46Z,0.32,226.9,155,54.8,11,70.3,1,100,150,0,1433
2026-09-03T17:51:52Z,4.81,226.9,155,54.83,11,70.3,1,100,150,0,1433
2026-09-03T17:52:59Z,0.39,226.9,155,54.72,11,70.3,1,100,150,0,1434
2026-09-03T17:54:05Z,0.53,226.9,155,54.81,11,70.3,1,100,150,0,1434
2026-09-03T17:55:12Z,0.37,226.9,154,54.84,11,70.3,1,100,150,0,1434
2026-09-03T17:56:19Z,0.52,226.9,155,54.84,11,70.3,1,100,150,0,1435
2026-09-03T17:57:25Z,0.41,226.9,155,54.84,11,70.31,1,100,150,0,1435
2026-09-03T17:58:32Z,0.74,226.9,154,54.75,11,70.31,1,100,150,0,1435
2026-09-03T17:59:38Z,3.92,226.9,155,54.82,11,70.31,1,100,150,0,1436
2026-09-03T18:00:45Z,0.86,226.9,154,54.84,11,70.31,1,100,150,0,1436
2026-09-03T18:01:52Z,0.49,226.9,155,54.84,11,70.31,1,100,150,0,1436
2026-09-03T18:02:58Z,0.42,226.9,155,54.84,11,70.31,1,100,150,0,1437
2026-09-03T18:04:05Z,0.44,226.9,155,54.84,11,70.31,1,100,150,0,1437
2026-09-03T18:05:12Z,0.63,226.9,155,55.59,11,70.32,1,100,150,0,1437
2026-09-03T18:06:18Z,0.92,228.4,154,55.68,11,70.32,1,100,150,0,1438
2026-09-03T18:07:25Z,4.42,226.9,154,55.78,11,70.32,1,100,150,0,1438
2026-09-03T18:08:31Z,1.24,226.9,154,55.24,11,70.32,1,100,150,0,1438
2026-09-03T18:09:38Z,0.55,227,154,55.24,11,70.32,1,100,150,0,1439
2026-09-03T18:10:45Z,0.51,227,154,55.3,11,70.32,1,100,150,0,1439
2026-09-03T18:11:51Z,0.61,227,155,55.3,11,70.32,1,100,150,0,1440
2026-09-03T18:12:58Z,0.48,227,154,54.81,11,70.32,1,100,150,0,1440
2026-09-03T18:14:04Z,2.86,227.2,155,54.81,11,70.32,1,100,150,0,1440
2026-09-03T18:15:11Z,3.07,227.2,154,55.15,11,70.33,1,100,150,0,1441
2026-09-03T18:16:18Z,0.81,227.2,154,54.82,11,70.33,1,100,150,0,1441
2026-09-03T18:17:24Z,0.42,227.2,155,54.75,11,70.33,1,100,150,0,1441
2026-09-03T18:18:31Z,0.75,227.2,154,54.74,11,70.33,1,100,150,0,1442
2026-09-03T18:19:37Z,0.67,227.2,154,54.81,11,70.33,1,100,150,0,1442
2026-09-03T18:20:44Z,0.45,227.2,154,55.26,11,70.33,1,100,150,0,1442
2026-09-03T18:21:51Z,0.55,227.2,155,55.31,11,70.33,1,100,150,0,1443
2026-09-03T18:22:57Z,4.14,227.2,154,55.31,11,70.34,1,100,150,0,1443
2026-09-03T18:24:04Z,0.45,227.2,154,55.31,11,70.34,1,100,150,0,1443
2026-09-03T18:25:10Z,0.39,227.3,155,55.31,11,70.34,1,100,150,0,1444
2026-09-03T18:26:17Z,0.53,227.3,155,55.32,11,70.34,1,100,150,0,1444
2026-09-03T18:27:24Z,0.47,227.3,155,55.39,11,70.34,1,100,150,0,1445
2026-09-03T18:28:30Z,0.47,227.3,155,54.82,11,70.34,1,100,150,0,1445
2026-09-03T18:29:37Z,2.72,227.3,155,54.83,11,70.34,1,100,150,0,1445
2026-09-03T18:30:44Z,3.09,227.3,154,54.69,11,70.34,1,100,150,0,1446
2026-09-03T18:31:50Z,0.38,227.3,155,54.82,11,70.34,1,100,150,0,1446
2026-09-03T18:32:57Z,0.42,227.3,154,54.84,11,70.35,1,100,150,0,1446
2026-09-03T18:34:03Z,0.67,227.3,155,54.84,11,70.35,1,100,150,0,1447
2026-09-03T18:35:10Z,0.39,227.3,155,54.84,11,70.35,1,100,150,0,1447
2026-09-03T18:36:17Z,0.46,227.3,155,54.83,11,70.35,1,100,150,0,1447
2026-09-03T18:37:23Z,3.35,227.4,155,54.84,11,70.35,1,100,150,0,1448
2026-09-03T18:38:30Z,3.04,227.4,154,54.86,11,70.35,1,100,150,0,1448
2026-09-03T18:39:36Z,0.57,227.4,155,54.86,11,70.35,1,100,150,0,1448
2026-09-03T18:40:43Z,0.59,227.4,154,54.86,11,70.36,1,100,150,0,1449
2026-09-03T18:41:50Z,0.52,227.4,155,54.81,11,70.36,1,100,150,0,1449
2026-09-03T18:42:56Z,0.40,227.6,154,54.68,11,70.36,1,100,150,0,1450
2026-09-03T18:44:03Z,0.74,227.5,155,54.82,11,70.36,1,100,150,0,1450
2026-09-03T18:45:09Z,2.57,227.4,154,54.82,11,70.36,1,100,150,0,1450
2026-09-03T18:46:16Z,0.75,227.4,154,54.84,11,70.36,1,100,150,0,1451
2026-09-03T18:47:23Z,0.75,227.5,155,54.75,11,70.36,1,100,150,0,1451
2026-09-03T18:48:29Z,0.46,227.4,154,54.82,11,70.36,1,100,150,0,1451
2026-09-03T18:49:36Z,0.49,227.5,154,54.84,11,70.36,1,100,150,0,1452
2026-09-03T18:50:42Z,0.50,227.5,155,54.84,11,70.37,1,100,150,0,1452
2026-09-03T18:51:49Z,0.46,227.5,155,54.85,11,70.37,1,100,150,0,1452
2026-09-03T18:52:56Z,4.36,227.5,154,54.84,11,70.37,1,100,150,0,1453
2026-09-03T18:54:02Z,2.81,227.5,155,54.84,11,70.37,1,100,150,0,1453
2026-09-03T18:55:09Z,0.37,227.5,154,54.84,11,70.37,1,100,150,0,1453
2026-09-03T18:56:16Z,0.55,227.5,154,54.7,11,70.37,1,100,150,0,1454
2026-09-03T18:57:22Z,0.54,227.5,154,54.81,11,70.38,1,100,150,0,1454
2026-09-03T18:58:29Z,0.59,227.5,155,54.84,11,70.38,1,100,150,0,1455
2026-09-03T18:59:35Z,0.53,227.5,154,54.84,11,70.38,1,100,150,0,1455
2026-09-03T19:00:42Z,4.28,227.5,155,54.8,11,70.38,1,100,150,0,1455
2026-09-03T19:01:49Z,3.25,227.6,155,54.82,11,70.38,1,100,150,0,1456
2026-09-03T19:02:55Z,3.78,227.6,155,54.73,11,70.38,1,100,150,0,1456
2026-09-03T19:04:02Z,0.46,227.6,155,54.82,11,70.38,1,100,150,0,1456
2026-09-03T19:05:08Z,0.56,227.6,155,55.12,11,70.38,1,100,150,0,1457
2026-09-03T19:06:15Z,0.86,227.6,154,54.8,11,70.38,1,100,150,0,1457
2026-09-03T19:07:22Z,0.48,227.6,154,54.83,11,70.39,1,100,150,0,1458
2026-09-03T19:08:28Z,4.00,227.6,154,54.84,11,70.39,1,100,150,0,1458
2026-09-03T19:09:35Z,1.30,227.6,155,54.84,11,70.39,1,100,150,0,1458
2026-09-03T19:10:41Z,4.56,227.6,155,54.84,11,70.39,1,100,150,0,1459
2026-09-03T19:11:48Z,0.40,227.6,154,54.84,11,70.39,1,100,150,0,1459
2026-09-03T19:12:55Z,0.47,227.6,155,54.84,11,70.39,1,100,150,0,1459
2026-09-03T19:14:01Z,0.42,227.6,155,54.85,11,70.39,1,100,150,0,1460
2026-09-03T19:15:08Z,0.61,227.6,155,54.85,11,70.39,1,100,150,0,1460
2026-09-03T19:16:14Z,2.83,227.6,155,54.84,11,70.39,1,100,150,0,1460
2026-09-03T19:17:21Z,0.73,227.6,155,55.07,11,70.39,1,100,150,0,1461
2026-09-03T19:18:28Z,0.43,227.6,155,54.81,11,70.4,1,100,150,0,1461
2026-09-03T19:19:34Z,0.42,227.6,154,54.84,11,70.4,1,100,150,0,1461
2026-09-03T19:20:41Z,0.48,227.6,154,54.84,11,70.4,1,100,150,0,1462
2026-09-03T19:21:47Z,0.86,227.6,155,55.32,11,70.4,1,100,150,0,1462
2026-09-03T19:22:54Z,0.55,227.6,155,54.84,11,70.4,1,100,150,0,1462
2026-09-03T19:24:01Z,5.09,227.7,155,54.84,11,94.21,1,100,150,0,1463
2026-09-03T19:25:07Z,0.73,227.7,155,54.86,11,70.4,1,100,150,0,1463
2026-09-03T19:26:14Z,0.55,227.7,155,54.69,11,70.41,1,100,150,0,1464
2026-09-03T19:27:21Z,0.46,227.7,154,54.73,11,70.41,1,100,150,0,1464
2026-09-03T19:28:27Z,0.51,227.7,155,54.8,11,70.41,1,100,150,0,1464
2026-09-03T19:29:34Z,0.51,227.7,154,54.8,11,70.6,1,100,150,0,1465
2026-09-03T19:30:41Z,0.54,227.7,154,54.81,11,70.41,1,100,150,0,1465
2026-09-03T19:31:47Z,4.20,227.7,154,54.81,11,70.41,1,100,150,0,1465
2026-09-03T19:32:54Z,0.91,227.7,154,54.8,11,70.41,1,100,150,0,1466
2026-09-03T19:34:00Z,0.31,227.7,155,54.81,11,70.41,1,100,150,0,1466
2026-09-03T19:35:07Z,0.46,227.7,154,55.3,11,70.41,1,100,150,0,1466
2026-09-03T19:36:14Z,0.57,227.7,154,55.31,11,70.42,1,100,150,0,1467
2026-09-03T19:37:20Z,0.45,227.7,154,55.32,11,70.42,1,100,150,0,1467
2026-09-03T19:38:27Z,3.05,227.7,154,55.32,11,70.42,1,100,150,0,1467
2026-09-03T19:39:34Z,5.04,227.7,154,55.32,11,70.42,1,100,150,0,1468
2026-09-03T19:40:40Z,0.41,227.7,155,55.38,11,70.42,1,100,150,0,1468
2026-09-03T19:41:47Z,0.43,227.7,155,55.38,11,70.42,1,100,150,0,1469
2026-09-03T19:42:54Z,0.37,227.8,154,55.38,11,70.42,1,100,150,0,1469
2026-09-03T19:44:00Z,0.41,227.8,155,55.38,11,70.43,1,100,150,0,1469
2026-09-03T19:45:07Z,0.63,227.8,155,55.41,11,70.43,1,100,150,0,1470
2026-09-03T19:46:14Z,4.01,227.8,155,54.8,11,70.43,1,100,150,0,1470
2026-09-03T19:47:21Z,0.47,227.8,154,54.71,11,70.43,1,100,150,0,1470
2026-09-03T19:48:27Z,0.38,227.8,154,54.81,11,70.43,1,100,150,0,1471
2026-09-03T19:49:34Z,0.42,227.8,155,54.83,11,70.43,1,100,150,0,1471
2026-09-03T19:50:40Z,0.59,227.8,154,54.82,11,70.43,1,100,150,0,1471
2026-09-03T19:51:47Z,0.42,227.9,155,54.69,11,70.43,1,100,150,0,1472
2026-09-03T19:52:54Z,3.12,227.9,154,55.23,11,70.44,1,100,150,0,1472
2026-09-03T19:54:00Z,4.25,227.9,154,54.79,11,70.44,1,100,150,0,1473
2026-09-03T19:55:07Z,0.37,227.9,155,54.7,11,70.44,1,100,150,0,1473
2026-09-03T19:56:13Z,0.51,227.9,154,56.19,11,70.44,1,100,150,0,1473
2026-09-03T19:57:20Z,0.59,227.9,154,54.84,11,70.44,1,100,150,0,1474
2026-09-03T19:58:26Z,0.41,227.9,154,54.84,11,70.44,1,100,150,0,1474
2026-09-03T19:59:33Z,0.44,227.9,155,54.8,11,70.44,1,100,150,0,1474
2026-09-03T20:00:40Z,2.94,227.9,155,54.81,11,70.44,1,100,150,0,1475
2026-09-03T20:01:46Z,0.72,227.9,154,54.83,11,70.45,1,100,150,0,1475
2026-09-03T20:02:53Z,0.57,227.9,154,54.83,11,70.45,1,100,150,0,1475
2026-09-03T20:03:59Z,0.46,228,154,54.83,11,70.45,1,100,150,0,1476
2026-09-03T20:05:06Z,0.58,228,155,54.83,11,70.45,1,100,150,0,1476
2026-09-03T20:06:13Z,0.50,228,155,54.83,11,70.45,1,100,150,0,1476
2026-09-03T20:07:19Z,0.48,228,154,54.83,11,70.45,1,100,150,0,1477
2026-09-03T20:08:26Z,2.83,228,155,55.25,11,70.45,1,100,150,0,1477
2026-09-03T20:09:32Z,0.33,228,155,54.8,11,70.45,1,100,150,0,1477
2026-09-03T20:10:39Z,0.40,228,155,54.82,11,70.45,1,100,150,0,1478
2026-09-03T20:11:46Z,0.67,228,155,54.83,11,70.46,1,100,150,0,1478
2026-09-03T20:12:52Z,0.67,228,154,54.73,11,70.46,1,100,150,0,1479
2026-09-03T20:13:59Z,0.47,228,155,54.8,11,70.46,1,100,150,0,1479
2026-09-03T20:15:05Z,0.46,228,154,54.83,11,70.46,1,100,150,0,1479
2026-09-03T20:16:12Z,4.17,228,154,54.83,11,70.46,1,100,150,0,1480
2026-09-03T20:17:19Z,0.80,228,154,55.4,11,70.46,1,100,150,0,1480
2026-09-03T20:18:25Z,0.78,228,155,54.83,11,70.46,1,100,150,0,1480
2026-09-03T20:19:32Z,0.49,228.1,154,54.83,11,70.46,1,100,150,0,1481
2026-09-03T20:20:38Z,0.36,228.1,155,54.81,11,70.46,1,100,150,0,1481
2026-09-03T20:21:45Z,0.38,228.1,155,54.82,11,70.47,1,100,150,0,1481
2026-09-03T20:22:51Z,0.43,228.1,155,54.8,11,70.47,1,100,150,0,1482
2026-09-03T20:23:57Z,0.51,228.1,154,55.27,11,70.47,1,100,150,0,1482
2026-09-03T20:25:04Z,3.91,228.1,155,55.34,11,70.47,1,100,150,0,1483
2026-09-03T20:26:10Z,3.36,228.1,154,55.35,11,70.47,1,100,150,0,1483
2026-09-03T20:27:17Z,0.64,228.1,154,54.79,11,70.47,1,100,150,0,1483
2026-09-03T20:28:24Z,0.41,228.1,155,54.81,11,70.48,1,100,150,0,1484
2026-09-03T20:29:30Z,0.42,228.1,154,54.83,11,70.48,1,100,150,0,1484
2026-09-03T20:30:37Z,0.41,228.1,155,54.84,11,70.48,1,100,150,0,1484
2026-09-03T20:31:43Z,0.46,228.1,154,54.83,11,70.48,1,100,150,0,1485
2026-09-03T20:32:50Z,2.70,228.1,154,54.8,11,70.48,1,100,150,0,1485
2026-09-03T20:33:57Z,3.37,228.1,154,54.81,11,70.48,1,100,150,0,1485
2026-09-03T20:35:03Z,0.42,228.1,155,54.83,11,70.48,1,100,150,0,1486
2026-09-03T20:36:10Z,0.48,228.1,155,54.82,11,70.48,1,100,150,0,1486
2026-09-03T20:37:16Z,0.50,228.1,154,54.68,11,70.48,1,100,150,0,1486
2026-09-03T20:38:23Z,1.16,228.2,154,55.24,11,70.48,1,100,150,0,1487
2026-09-03T20:39:30Z,0.62,228.2,155,55.32,11,70.74,1,100,150,0,1487
2026-09-03T20:40:36Z,4.48,228.2,154,54.8,11,70.49,1,100,150,0,1487
2026-09-03T20:41:43Z,2.68,228.3,155,54.62,11,70.49,1,100,150,0,1488
2026-09-03T20:42:49Z,3.01,228.2,154,54.8,11,70.49,1,100,150,0,1488
2026-09-03T20:43:56Z,1.11,228.2,155,54.82,11,70.49,1,100,150,0,1489
2026-09-03T20:45:03Z,0.87,228.2,155,54.79,11,70.49,1,100,150,0,1489
2026-09-03T20:46:09Z,0.43,228.2,154,54.8,11,70.5,1,100,150,0,1489
2026-09-03T20:47:16Z,3.95,228.2,154,54.8,11,70.5,1,100,150,0,1490
2026-09-03T20:48:23Z,4.70,228.2,155,54.8,11,70.5,1,100,150,0,1490
2026-09-03T20:49:29Z,0.78,228.2,154,54.81,11,70.5,1,100,150,0,1490
2026-09-03T20:50:36Z,0.36,228.2,155,54.82,11,70.5,1,100,150,0,1491
2026-09-03T20:51:42Z,0.63,228.2,154,54.79,11,70.5,1,100,150,0,1491
2026-09-03T20:52:49Z,0.56,228.2,155,54.81,11,70.5,1,100,150,0,1492
2026-09-03T20:53:56Z,0.43,228.2,155,54.82,11,70.5,1,100,150,0,1492
2026-09-03T20:55:02Z,3.64,228.2,154,54.82,11,70.5,1,100,150,0,1492
2026-09-03T20:56:09Z,4.02,228.2,155,54.82,11,70.5,1,100,150,0,1493
2026-09-03T20:57:15Z,0.90,228.2,155,54.82,11,70.51,1,100,150,0,1493
2026-09-03T20:58:22Z,0.51,228.2,155,54.82,11,70.51,1,100,150,0,1493
2026-09-03T20:59:28Z,0.52,228.2,155,56.3,11,70.51,1,100,150,0,1494
2026-09-03T21:00:35Z,0.33,228.2,155,54.8,11,70.51,1,100,150,0,1494
2026-09-03T21:01:42Z,0.51,228.2,155,54.8,11,70.51,1,100,150,0,1494
2026-09-03T21:02:48Z,0.47,228.2,155,54.81,11,70.51,1,100,150,0,1495
2026-09-03T21:03:55Z,4.60,228.2,154,54.82,11,70.51,1,100,150,0,1495
2026-09-03T21:05:02Z,0.79,228.2,154,54.82,11,88.96,1,100,150,0,1495
2026-09-03T21:06:08Z,0.39,228.3,155,54.82,11,70.52,1,100,150,0,1496
2026-09-03T21:07:15Z,0.39,228.3,155,54.82,11,70.52,1,100,150,0,1496
2026-09-03T21:08:21Z,0.60,228.2,154,54.82,11,70.52,1,100,150,0,1496
2026-09-03T21:09:28Z,0.65,228.3,154,55.11,11,70.52,1,100,150,0,1497
2026-09-03T21:10:35Z,0.43,228.3,155,55.25,11,84.32,1,100,150,0,1497
2026-09-03T21:11:41Z,4.42,228.3,155,54.81,11,70.52,1,100,150,0,1498
2026-09-03T21:12:48Z,0.70,228.3,155,54.79,11,70.52,1,100,150,0,1498
